Date	Event	Region	Country	Cancellation Note
2022-02-05	Achill Greenway parkrun	Ireland	Ireland	bereavement
2022-02-19	Akrotiri parkrun	British Overseas Territories	United Kingdom	BFC Gym 2 Gym half marathon taking place
2022-01-30	Albert College junior parkrun	Ireland	Ireland	Establishing an event team
2022-02-06	Albert College junior parkrun	Ireland	Ireland	Establishing an event team
2022-02-13	Albert College junior parkrun	Ireland	Ireland	Establishing an event team
2022-01-29	Alberton Ascot parkrun	Victoria	Australia	operational requirements
2022-02-05	Alberton Ascot parkrun	Victoria	Australia	operational requirements
2022-02-12	Alberton Ascot parkrun	Victoria	Australia	operational requirements
2022-02-19	Alberton Ascot parkrun	Victoria	Australia	operational requirements
2022-02-26	Alberton Ascot parkrun	Victoria	Australia	operational requirements
2022-01-30	Alexandra junior parkrun, Oldham	North West England	United Kingdom	Establishing an event team
2022-02-06	Alexandra junior parkrun, Oldham	North West England	United Kingdom	Establishing an event team
2022-02-13	Alexandra junior parkrun, Oldham	North West England	United Kingdom	Establishing an event team
2022-01-29	Alice Campus parkrun, University of Fort Hare	EC · Inland	South Africa	Alice Campus is closing for holidays
2022-02-05	Alice Campus parkrun, University of Fort Hare	EC · Inland	South Africa	Student volunteers still on their year-end break
2022-02-12	Alice Campus parkrun, University of Fort Hare	EC · Inland	South Africa	Student volunteers still on their year-end break
2022-01-29	Alness parkrun	Scotland	United Kingdom	Too windy
2022-01-29	Altcourse parkrun	North West England	United Kingdom	Reopening work in progress
2022-02-05	Altcourse parkrun	North West England	United Kingdom	Reopening work in progress
2022-02-12	Altcourse parkrun	North West England	United Kingdom	Reopening work in progress
2022-01-29	An Bonnán Buí parkrun	Ireland	Ireland	Venue not yet available
2022-02-05	An Bonnán Buí parkrun	Ireland	Ireland	Venue not yet available
2022-02-12	An Bonnán Buí parkrun	Ireland	Ireland	Venue not yet available
2022-01-29	Anacostia parkrun	USA	United States	Weather: low temperatures
2022-01-29	Anderson parkrun	North Island	New Zealand	Due to current COVID-19 restrictions
2022-02-05	Anderson parkrun	North Island	New Zealand	Due to current COVID-19 restrictions
2022-01-29	Angrignon parkrun	Quebec	Canada	COVID-19 (Coronavirus)
2022-02-05	Angrignon parkrun	Quebec	Canada	COVID-19 (Coronavirus)
2022-02-12	Angrignon parkrun	Quebec	Canada	COVID-19 (Coronavirus)
2022-01-29	Appleton Thorn parkrun	North West England	United Kingdom	Reopening work in progress
2022-02-05	Appleton Thorn parkrun	North West England	United Kingdom	Reopening work in progress
2022-02-12	Appleton Thorn parkrun	North West England	United Kingdom	Reopening work in progress
2022-01-29	Arrow Valley parkrun	West Midlands	United Kingdom	Land owner permission withdrawn
2022-02-05	Arrow Valley parkrun	West Midlands	United Kingdom	Moving from the BMX track to the lake course
2022-01-29	Avery Beach parkrun, Huntsville	Ontario	Canada	COVID-19 (Coronavirus)
2022-02-05	Avery Beach parkrun, Huntsville	Ontario	Canada	COVID-19 (Coronavirus)
2022-02-12	Avery Beach parkrun, Huntsville	Ontario	Canada	COVID-19 (Coronavirus)
2022-01-29	Aviemore parkrun	Scotland	United Kingdom	High winds and wind blow debris on the route
2022-01-29	Ayr parkrun	Scotland	United Kingdom	fallen trees too windy
2022-01-29	Badhusparken parkrun	Sweden	Sweden	COVID-19 (Coronavirus)
2022-02-05	Badhusparken parkrun	Sweden	Sweden	COVID-19 (Coronavirus)
2022-02-12	Badhusparken parkrun	Sweden	Sweden	COVID-19 (Coronavirus)
2022-01-30	Balbriggan junior parkrun	Ireland	Ireland	Reopening work in progress
2022-02-06	Balbriggan junior parkrun	Ireland	Ireland	Reopening work in progress
2022-02-13	Balbriggan junior parkrun	Ireland	Ireland	Reopening work in progress
2022-01-29	Baltimore and Annapolis Trail parkrun	USA	United States	unsafe winter weather
2022-01-29	Bambra Bolinda parkrun	Victoria	Australia	operational requirements
2022-02-05	Bambra Bolinda parkrun	Victoria	Australia	operational requirements
2022-02-12	Bambra Bolinda parkrun	Victoria	Australia	operational requirements
2022-02-19	Bambra Bolinda parkrun	Victoria	Australia	operational requirements
2022-02-26	Bambra Bolinda parkrun	Victoria	Australia	operational requirements
2022-01-30	Barnstaple junior parkrun	South West England	United Kingdom	ice on the paths
2022-01-29	Barry Curtis parkrun	North Island	New Zealand	Due to current COVID-19 restrictions
2022-02-05	Barry Curtis parkrun	North Island	New Zealand	Due to current COVID-19 restrictions
2022-01-29	Barton Trail parkrun	Ontario	Canada	COVID-19 (Coronavirus)
2022-02-05	Barton Trail parkrun	Ontario	Canada	COVID-19 (Coronavirus)
2022-02-12	Barton Trail parkrun	Ontario	Canada	COVID-19 (Coronavirus)
2022-01-29	Bath Skyline parkrun	South West England	United Kingdom	due to wind gusts above permitted safe limits
2022-01-29	Beach Strip parkrun	Ontario	Canada	COVID-19 (Coronavirus)
2022-02-05	Beach Strip parkrun	Ontario	Canada	COVID-19 (Coronavirus)
2022-02-12	Beach Strip parkrun	Ontario	Canada	COVID-19 (Coronavirus)
2022-01-29	Bear Brook parkrun	South East England	United Kingdom	Reopening work in progress
2022-02-05	Bear Brook parkrun	South East England	United Kingdom	Reopening work in progress
2022-02-12	Bear Brook parkrun	South East England	United Kingdom	Reopening work in progress
2022-02-05	Bear Creek Greenbelt parkrun	USA	United States	Ice on trails/bridges, low temp forecast
2022-01-29	Bedok Reservoir parkrun	Singapore	Singapore	COVID-19 (Coronavirus)
2022-02-05	Bedok Reservoir parkrun	Singapore	Singapore	COVID-19 (Coronavirus)
2022-02-12	Bedok Reservoir parkrun	Singapore	Singapore	COVID-19 (Coronavirus)
2022-01-29	Bellevue parkrun	Ontario	Canada	COVID-19 (Coronavirus)
2022-02-05	Bellevue parkrun	Ontario	Canada	COVID-19 (Coronavirus)
2022-02-12	Bellevue parkrun	Ontario	Canada	COVID-19 (Coronavirus)
2022-01-29	Belloluogo parkrun	Italy	Italy	COVID-19 (Coronavirus)
2022-02-05	Belloluogo parkrun	Italy	Italy	COVID-19 (Coronavirus)
2022-02-12	Belloluogo parkrun	Italy	Italy	COVID-19 (Coronavirus)
2022-01-29	Bells Inn parkrun	GP · Greater Joburg	South Africa	COVID-19 (Coronavirus)
2022-02-05	Bells Inn parkrun	GP · Greater Joburg	South Africa	COVID-19 (Coronavirus)
2022-02-12	Bells Inn parkrun	GP · Greater Joburg	South Africa	COVID-19 (Coronavirus)
2022-01-29	Bellville parkrun	WC · Greater Cape Town	South Africa	Too soon after receiving event permit to open
2022-02-05	Bellville parkrun	WC · Greater Cape Town	South Africa	Getting volunteers ready to restart next week
2022-01-29	Bickershaw parkrun	North West England	United Kingdom	Reopening work in progress
2022-02-05	Bickershaw parkrun	North West England	United Kingdom	Reopening work in progress
2022-02-12	Bickershaw parkrun	North West England	United Kingdom	Reopening work in progress
2022-02-05	Big Bay parkrun	WC · Greater Cape Town	South Africa	High Tide Conditions
2022-01-29	Bishan parkrun	Singapore	Singapore	COVID-19 (Coronavirus)
2022-02-05	Bishan parkrun	Singapore	Singapore	COVID-19 (Coronavirus)
2022-02-12	Bishan parkrun	Singapore	Singapore	COVID-19 (Coronavirus)
2022-01-29	Bloemhof parkrun	North West	South Africa	COVID-19 (Coronavirus)
2022-02-05	Bloemhof parkrun	North West	South Africa	COVID-19 (Coronavirus)
2022-02-12	Bloemhof parkrun	North West	South Africa	COVID-19 (Coronavirus)
2022-01-29	Blue Lagoon parkrun	KZN · Coastal	South Africa	COVID-19 (Coronavirus)
2022-02-05	Blue Lagoon parkrun	KZN · Coastal	South Africa	COVID-19 (Coronavirus)
2022-02-12	Blue Lagoon parkrun	KZN · Coastal	South Africa	COVID-19 (Coronavirus)
2022-05-22	Bognor Regis junior parkrun	South East England	United Kingdom	The Bognor 10k is on
2022-02-19	Boksburg parkrun	GP · Ekurhuleni	South Africa	Ride For Sight using Venue
2022-01-29	Bolton parkrun	North West England	United Kingdom	High winds in the park breaking branches from tree
2022-01-29	Botanical Garden parkrun	GP · Tshwane - Pretoria	South Africa	COVID-19 (Coronavirus)
2022-02-05	Botanical Garden parkrun	GP · Tshwane - Pretoria	South Africa	COVID-19 (Coronavirus)
2022-02-12	Botanical Garden parkrun	GP · Tshwane - Pretoria	South Africa	COVID-19 (Coronavirus)
2022-01-29	Bowral parkrun	New South Wales	Australia	Cancelled due to hazardous conditions on the cours
2022-02-05	Bowral parkrun	New South Wales	Australia	The course is damaged and unsafe
2022-03-05	Braidwood Showground parkrun	New South Wales	Australia	Braidwood Show being held, course unusable.
2022-01-29	Breakwater parkrun	Ontario	Canada	COVID-19 (Coronavirus)
2022-02-05	Breakwater parkrun	Ontario	Canada	COVID-19 (Coronavirus)
2022-02-12	Breakwater parkrun	Ontario	Canada	COVID-19 (Coronavirus)
2022-01-29	Bredasdorp parkrun	WC · Overberg	South Africa	COVID-19 (Coronavirus)
2022-02-05	Bredasdorp parkrun	WC · Overberg	South Africa	COVID-19 (Coronavirus)
2022-02-12	Bredasdorp parkrun	WC · Overberg	South Africa	COVID-19 (Coronavirus)
2022-01-30	Brentwood junior parkrun	East of England	United Kingdom	Event Suspended
2022-02-06	Brentwood junior parkrun	East of England	United Kingdom	Event Suspended
2022-02-13	Brentwood junior parkrun	East of England	United Kingdom	Event Suspended
2022-01-29	Bressay parkrun	Scotland	United Kingdom	Weather - ferry cancellation likely.
2022-01-29	Bridgetown parkrun	WC · Greater Cape Town	South Africa	COVID-19 (Coronavirus)
2022-02-05	Bridgetown parkrun	WC · Greater Cape Town	South Africa	COVID-19 (Coronavirus)
2022-02-12	Bridgetown parkrun	WC · Greater Cape Town	South Africa	COVID-19 (Coronavirus)
2022-01-29	Broken Hill Racecourse parkrun	New South Wales	Australia	unsafe course conditions after heavy rain
2022-02-12	Brooklands parkrun	South East England	United Kingdom	Fun fair on the park
2022-02-19	Brooklands parkrun	South East England	United Kingdom	Fun fair on the park
2022-01-29	Bulithando parkrun	GP · Ekurhuleni	South Africa	COVID-19 (Coronavirus)
2022-02-05	Bulithando parkrun	GP · Ekurhuleni	South Africa	COVID-19 (Coronavirus)
2022-02-12	Bulithando parkrun	GP · Ekurhuleni	South Africa	COVID-19 (Coronavirus)
2022-01-29	Bundaberg parkrun	Queensland	Australia	parkrun site being used as entry to fever clinic
2022-05-14	Bury St Edmunds parkrun	East of England	United Kingdom	event in park requiring setting up
2022-06-11	Bury St Edmunds parkrun	East of England	United Kingdom	Race for life setting up
2022-01-29	Callaghan parkrun	New South Wales	Australia	No landholder permission
2022-02-05	Callaghan parkrun	New South Wales	Australia	No landholder permission
2022-02-12	Callaghan parkrun	New South Wales	Australia	No landholder permission
2022-01-29	Cambridge NZ parkrun	North Island	New Zealand	Due to current COVID-19 restrictions
2022-02-05	Cambridge NZ parkrun	North Island	New Zealand	Due to current COVID-19 restrictions
2022-01-29	Camperdown parkrun, Dundee	Scotland	United Kingdom	Very High Winds risk to safety (Storm Malik)
2022-01-30	Cannonvale junior parkrun	Queensland	Australia	Establishing an event team
2022-02-06	Cannonvale junior parkrun	Queensland	Australia	Establishing an event team
2022-02-13	Cannonvale junior parkrun	Queensland	Australia	Establishing an event team
2022-02-12	Cardiff parkrun	Wales	United Kingdom	Other event using both our courses
2022-01-29	Castle Howard parkrun	Yorkshire and the Humber	United Kingdom	Venue not yet available
2022-02-05	Castle Howard parkrun	Yorkshire and the Humber	United Kingdom	Venue not yet available
2022-02-12	Castle Howard parkrun	Yorkshire and the Humber	United Kingdom	Venue not yet available
2022-01-30	Castle Park junior parkrun	North West England	United Kingdom	Establishing an event team
2022-02-06	Castle Park junior parkrun	North West England	United Kingdom	Establishing an event team
2022-02-13	Castle Park junior parkrun	North West England	United Kingdom	Establishing an event team
2022-01-29	Central parkrun, Burnaby	British Columbia	Canada	COVID-19 (Coronavirus)
2022-02-05	Central parkrun, Burnaby	British Columbia	Canada	COVID-19 (Coronavirus)
2022-02-12	Central parkrun, Burnaby	British Columbia	Canada	COVID-19 (Coronavirus)
2022-02-19	Centre Vale parkrun	Yorkshire and the Humber	United Kingdom	Flowerscar fell race taking place in the park
2022-03-05	Century City parkrun	WC · Greater Cape Town	South Africa	Discovery Century City Express 5km/10km on the day
2022-01-29	Ceres parkrun	WC · Winelands	South Africa	COVID-19 (Coronavirus)
2022-02-05	Ceres parkrun	WC · Winelands	South Africa	COVID-19 (Coronavirus)
2022-02-12	Ceres parkrun	WC · Winelands	South Africa	COVID-19 (Coronavirus)
2022-01-29	Chain of Lakes parkrun	Nova Scotia	Canada	COVID-19 (Coronavirus)
2022-02-05	Chain of Lakes parkrun	Nova Scotia	Canada	COVID-19 (Coronavirus)
2022-02-12	Chain of Lakes parkrun	Nova Scotia	Canada	COVID-19 (Coronavirus)
2022-01-29	Charleston parkrun, West Virginia	USA	United States	Weather and slippery pathway conditions
2022-01-30	Cheshunt junior parkrun	East of England	United Kingdom	Establishing an event team
2022-02-06	Cheshunt junior parkrun	East of England	United Kingdom	Establishing an event team
2022-02-13	Cheshunt junior parkrun	East of England	United Kingdom	Establishing an event team
2022-01-29	Chevin Forest parkrun	Yorkshire and the Humber	United Kingdom	Storm Malik: too windy to proceed safely
2022-01-29	Chipping Norton parkrun	New South Wales	Australia	lack of resources
2022-02-05	Chipping Norton parkrun	New South Wales	Australia	Awaiting Land Owners Permission
2022-01-29	Chopwell Wood parkrun	North East England	United Kingdom	Amber weather warning in place
2022-02-05	Chopwell Wood parkrun	North East England	United Kingdom	Woods closed due to storm damage
2022-01-29	Christiana parkrun	North West	South Africa	No volunteers available to make the parkrun happen
2022-02-05	Christiana parkrun	North West	South Africa	other event at venue
2022-02-05	Chuo koen parkrun	Japan	Japan	岩手県内コロナ感染者拡大のため
2022-01-29	Cloncurry parkrun	Queensland	Australia	Wet weather.
2022-01-29	Cobaw Clunes parkrun	Victoria	Australia	operational requirements
2022-02-05	Cobaw Clunes parkrun	Victoria	Australia	operational requirements
2022-02-12	Cobaw Clunes parkrun	Victoria	Australia	operational requirements
2022-02-19	Cobaw Clunes parkrun	Victoria	Australia	operational requirements
2022-02-26	Cobaw Clunes parkrun	Victoria	Australia	operational requirements
2022-01-29	College Park parkrun	USA	United States	Winter storm
2022-01-29	Constantia Greenbelt parkrun	WC · Greater Cape Town	South Africa	COVID-19 (Coronavirus)
2022-02-05	Constantia Greenbelt parkrun	WC · Greater Cape Town	South Africa	COVID-19 (Coronavirus)
2022-02-12	Constantia Greenbelt parkrun	WC · Greater Cape Town	South Africa	COVID-19 (Coronavirus)
2022-01-29	Cornwall parkrun	North Island	New Zealand	Due to current COVID-19 restrictions
2022-02-05	Cornwall parkrun	North Island	New Zealand	Due to current COVID-19 restrictions
2022-01-30	Cranleigh junior parkrun	South East England	United Kingdom	Knowle Park Development Changes course unavailable
2022-01-29	Cranleigh parkrun	South East England	United Kingdom	Park closure due to construction works
2022-02-05	Cranleigh parkrun	South East England	United Kingdom	Park closure due to construction works
2022-02-12	Cranleigh parkrun	South East England	United Kingdom	Park closure due to construction works
2022-02-19	Cranleigh parkrun	South East England	United Kingdom	Park closure due to construction works
2022-02-26	Cranleigh parkrun	South East England	United Kingdom	Park closure due to construction works
2022-01-29	Crathes Castle parkrun	Scotland	United Kingdom	Amber weather warning, estate closed by NTS.
2022-02-05	Crathes Castle parkrun	Scotland	United Kingdom	Due to recent storms the Estate is closed.
2022-01-29	Creekside parkrun	USA	United States	Forecasted snow, icy trails, bitter cold wind
2022-01-29	Cromhall parkrun	South West England	United Kingdom	Covid-19 protocols
2022-02-27	Crystal Palace junior parkrun	Greater London	United Kingdom	Clash with TheFixEvents' Winter Warmer race
2022-02-05	Curl Curl parkrun	New South Wales	Australia	Sun Run event happening which crosses course
2022-01-29	Danehy Park parkrun	USA	United States	Blizzard with white out conditions.
2022-01-29	Deep Run parkrun	USA	United States	Inclement Weather
2022-01-29	Delaware and Raritan Canal parkrun	USA	United States	Heavy snow and wind chills expected Fri-Sat
2022-01-29	Devils Peak parkrun	South Australia	Australia	Security operations
2022-02-06	Dewsbury junior parkrun	Yorkshire and the Humber	United Kingdom	Event Team supporting the Dewsbury 10k
2022-03-19	Didcot parkrun	South East England	United Kingdom	Hatwells Fair in the park, park unusable
2022-03-26	Didcot parkrun	South East England	United Kingdom	Hatwell Fair in the park, park unusable
2022-01-29	Doornkop Military Base parkrun	GP · Greater Joburg	South Africa	COVID-19 (Coronavirus)
2022-02-05	Doornkop Military Base parkrun	GP · Greater Joburg	South Africa	COVID-19 (Coronavirus)
2022-02-12	Doornkop Military Base parkrun	GP · Greater Joburg	South Africa	COVID-19 (Coronavirus)
2022-01-29	Downsview parkrun	Ontario	Canada	COVID-19 (Coronavirus)
2022-02-05	Downsview parkrun	Ontario	Canada	COVID-19 (Coronavirus)
2022-02-12	Downsview parkrun	Ontario	Canada	COVID-19 (Coronavirus)
2022-01-29	Dr Bill Hammond Trails parkrun	USA	United States	COVID-19 (Coronavirus)
2022-02-05	Dr Bill Hammond Trails parkrun	USA	United States	COVID-19 (Coronavirus)
2022-02-12	Dr Bill Hammond Trails parkrun	USA	United States	COVID-19 (Coronavirus)
2022-01-29	Drumblade parkrun	GP · Sedibeng	South Africa	COVID-19 (Coronavirus)
2022-02-05	Drumblade parkrun	GP · Sedibeng	South Africa	COVID-19 (Coronavirus)
2022-02-12	Drumblade parkrun	GP · Sedibeng	South Africa	COVID-19 (Coronavirus)
2022-01-29	Drumpellier Country parkrun	Scotland	United Kingdom	Storm Malik. Strong winds and tree down on course
2022-03-19	Dubbo parkrun	New South Wales	Australia	Mud Run event in the park - key paths unusable
2022-01-29	Duffins Trail parkrun	Ontario	Canada	COVID-19 (Coronavirus)
2022-02-05	Duffins Trail parkrun	Ontario	Canada	COVID-19 (Coronavirus)
2022-02-12	Duffins Trail parkrun	Ontario	Canada	COVID-19 (Coronavirus)
2022-01-29	Dullstroom parkrun	Mpumalanga	South Africa	COVID-19 (Coronavirus)
2022-02-05	Dullstroom parkrun	Mpumalanga	South Africa	COVID-19 (Coronavirus)
2022-02-12	Dullstroom parkrun	Mpumalanga	South Africa	COVID-19 (Coronavirus)
2022-01-29	Dunedin parkrun	South Island	New Zealand	Due to current COVID-19 restrictions
2022-02-05	Dunedin parkrun	South Island	New Zealand	Due to current COVID-19 restrictions
2022-02-12	Dunedin parkrun	South Island	New Zealand	COVID-19 (Coronavirus)
2022-01-29	Dunfermline parkrun	Scotland	United Kingdom	Strong winds - course unsafe
2022-01-29	Dungannon Park parkrun	Northern Ireland	United Kingdom	Park closed due to possible Storm disruption
2022-01-29	Durban Point parkrun	KZN · Coastal	South Africa	COVID-19 (Coronavirus)
2022-02-05	Durban Point parkrun	KZN · Coastal	South Africa	COVID-19 (Coronavirus)
2022-02-12	Durban Point parkrun	KZN · Coastal	South Africa	COVID-19 (Coronavirus)
2022-01-29	Durham NC parkrun	USA	United States	Ice on the trail
2022-01-29	Dømmesmoen parkrun	Norway	Norway	Ice on course.
2022-02-05	Dømmesmoen parkrun	Norway	Norway	Ice on course.
2022-01-29	East Coast Park parkrun	Singapore	Singapore	COVID-19 (Coronavirus)
2022-02-05	East Coast Park parkrun	Singapore	Singapore	COVID-19 (Coronavirus)
2022-02-12	East Coast Park parkrun	Singapore	Singapore	COVID-19 (Coronavirus)
2022-03-06	Eastbourne junior parkrun	South East England	United Kingdom	Other event on prom and road closures.
2022-01-29	Edenvale parkrun	GP · Ekurhuleni	South Africa	COVID-19 (Coronavirus)
2022-02-05	Edenvale parkrun	GP · Ekurhuleni	South Africa	COVID-19 (Coronavirus)
2022-02-12	Edenvale parkrun	GP · Ekurhuleni	South Africa	COVID-19 (Coronavirus)
2022-01-29	Edinburgh parkrun	Scotland	United Kingdom	High winds blowing obstacles onto course.
2022-02-19	Eldorado Park parkrun	GP · Greater Joburg	South Africa	Facility will be used for a School Athletics Event
2022-01-29	Elgin parkrun	Scotland	United Kingdom	Severe weather warning - high winds
2022-01-29	Ellon parkrun	Scotland	United Kingdom	Storm Malik leading to fallen trees blocking paths
2022-01-29	Eramosa River Trail parkrun	Ontario	Canada	COVID-19 (Coronavirus)
2022-02-05	Eramosa River Trail parkrun	Ontario	Canada	COVID-19 (Coronavirus)
2022-02-12	Eramosa River Trail parkrun	Ontario	Canada	COVID-19 (Coronavirus)
2022-01-29	Etna parkrun	Italy	Italy	COVID-19 (Coronavirus)
2022-02-05	Etna parkrun	Italy	Italy	COVID-19 (Coronavirus)
2022-02-12	Etna parkrun	Italy	Italy	COVID-19 (Coronavirus)
2022-01-29	Falkirk parkrun	Scotland	United Kingdom	High winds
2022-01-29	Faskally Forest parkrun	Scotland	United Kingdom	Storm Malik   falling tree risk and High Winds
2022-01-29	Feltham parkrun	South East England	United Kingdom	Local Covid restrictions
2022-01-29	Firenze parkrun	Italy	Italy	COVID-19 (Coronavirus)
2022-02-05	Firenze parkrun	Italy	Italy	COVID-19 (Coronavirus)
2022-02-12	Firenze parkrun	Italy	Italy	COVID-19 (Coronavirus)
2022-01-29	Fort William parkrun	Scotland	United Kingdom	Due to very windy conditions
2022-01-29	Foster parkrun	South Island	New Zealand	Due to current COVID-19 restrictions
2022-02-05	Foster parkrun	South Island	New Zealand	Due to current COVID-19 restrictions
2022-01-29	Fountains Abbey parkrun	Yorkshire and the Humber	United Kingdom	NATIONAL TRUST CLOSED DUE TO FORECAST HIGH WINDS
2022-01-29	Friedrichsau parkrun	Germany	Germany	COVID-19 (Coronavirus)
2022-02-05	Friedrichsau parkrun	Germany	Germany	COVID-19 (Coronavirus)
2022-02-12	Friedrichsau parkrun	Germany	Germany	COVID-19 (Coronavirus)
2022-01-29	Frédéric Back parkrun	Quebec	Canada	COVID-19 (Coronavirus)
2022-02-05	Frédéric Back parkrun	Quebec	Canada	COVID-19 (Coronavirus)
2022-02-12	Frédéric Back parkrun	Quebec	Canada	COVID-19 (Coronavirus)
2022-02-05	Fulham Palace parkrun	Greater London	United Kingdom	Construction works to resurface tarmac paths
2022-02-12	Fulham Palace parkrun	Greater London	United Kingdom	Construction works to resurface tarmac paths
2022-02-19	Fulham Palace parkrun	Greater London	United Kingdom	Construction works to resurface tarmac paths
2022-02-26	Fulham Palace parkrun	Greater London	United Kingdom	Construction works to resurface tarmac paths
2022-03-05	Fulham Palace parkrun	Greater London	United Kingdom	Construction works to resurface tarmac paths
2022-03-12	Fulham Palace parkrun	Greater London	United Kingdom	Construction works to resurface tarmac paths
2022-03-19	Fulham Palace parkrun	Greater London	United Kingdom	Construction works to resurface tarmac paths
2022-03-26	Fulham Palace parkrun	Greater London	United Kingdom	Construction works to resurface tarmac paths
2022-04-02	Fulham Palace parkrun	Greater London	United Kingdom	Construction works to resurface tarmac paths
2022-01-29	Ganavan Sands parkrun	Scotland	United Kingdom	Weather too rough and windy at Ganavan
2022-02-12	Geographe Bay parkrun	Western Australia	Australia	another event in proximity
2022-04-30	Geographe Bay parkrun	Western Australia	Australia	another event on paths
2022-01-29	George Lane Memorial parkrun	Alberta	Canada	COVID-19 (Coronavirus)
2022-02-05	George Lane Memorial parkrun	Alberta	Canada	COVID-19 (Coronavirus)
2022-02-12	George Lane Memorial parkrun	Alberta	Canada	COVID-19 (Coronavirus)
2022-01-29	Gillies Lake parkrun	Ontario	Canada	COVID-19 (Coronavirus)
2022-02-05	Gillies Lake parkrun	Ontario	Canada	COVID-19 (Coronavirus)
2022-02-12	Gillies Lake parkrun	Ontario	Canada	COVID-19 (Coronavirus)
2022-01-29	Girvan Prom parkrun	Scotland	United Kingdom	Gale force winds at the prom- unsafe to run
2022-01-29	Gloucester North parkrun	South West England	United Kingdom	Emergency access to the field could not be gained
2022-01-29	Goodwill parkrun	North West	South Africa	COVID-19 (Coronavirus)
2022-02-05	Goodwill parkrun	North West	South Africa	COVID-19 (Coronavirus)
2022-02-12	Goodwill parkrun	North West	South Africa	COVID-19 (Coronavirus)
2022-01-29	Grabouw parkrun	WC · Overberg	South Africa	COVID-19 (Coronavirus)
2022-02-05	Grabouw parkrun	WC · Overberg	South Africa	COVID-19 (Coronavirus)
2022-02-12	Grabouw parkrun	WC · Overberg	South Africa	COVID-19 (Coronavirus)
2022-01-29	Gracepoint parkrun	GP · Greater Joburg	South Africa	COVID-19 (Coronavirus)
2022-02-05	Gracepoint parkrun	GP · Greater Joburg	South Africa	COVID-19 (Coronavirus)
2022-06-12	Graves junior parkrun	Yorkshire and the Humber	United Kingdom	Race for Life/Pretty Muddy events using the paths
2022-06-11	Graves parkrun	Yorkshire and the Humber	United Kingdom	Race for life event taking place in our event area
2022-06-25	Great Lines parkrun, Medway	South East England	United Kingdom	Armed Forces Day Event in the park.
2022-11-05	Great Lines parkrun, Medway	South East England	United Kingdom	Firework display in the park.
2022-02-05	Greenbank parkrun	Queensland	Australia	course under water at different spots
2022-01-29	Greenock parkrun	Scotland	United Kingdom	Storm Malik - high tide and winds
2022-02-05	Greenpoint parkrun	WC · Greater Cape Town	South Africa	Rugby 10's in precinct, no parking, no access
2022-01-29	Grove parkrun	South West England	United Kingdom	Reopening work in progress
2022-02-05	Grove parkrun	South West England	United Kingdom	Reopening work in progress
2022-02-12	Grove parkrun	South West England	United Kingdom	Reopening work in progress
2022-07-24	Guildford junior parkrun	South East England	United Kingdom	Race for Life in Park
2022-10-09	Guildford junior parkrun	South East England	United Kingdom	Oktoborfest
2022-07-23	Guildford parkrun	South East England	United Kingdom	Race for Life
2022-10-08	Guildford parkrun	South East England	United Kingdom	Oktoberfest
2022-01-29	Haga parkrun	Sweden	Sweden	Risk för isigt och halkigt underlag
2022-02-05	Haga parkrun	Sweden	Sweden	Isiga banförhållanden
2022-01-29	Hagley parkrun	South Island	New Zealand	Due to current COVID-19 restrictions
2022-02-05	Hagley parkrun	South Island	New Zealand	Due to current COVID-19 restrictions
2022-01-29	Hamilton Lake parkrun	North Island	New Zealand	Due to current COVID-19 restrictions
2022-02-05	Hamilton Lake parkrun	North Island	New Zealand	Due to current COVID-19 restrictions
2022-05-15	Harcourt Hill junior parkrun	South East England	United Kingdom	This is Oxford Event on risk of vehicles on course
2022-01-29	Harrogate parkrun	Yorkshire and the Humber	United Kingdom	Strong winds
2022-01-29	Hartbeespoort parkrun	North West	South Africa	COVID-19 (Coronavirus)
2022-02-05	Hartbeespoort parkrun	North West	South Africa	COVID-19 (Coronavirus)
2022-02-12	Hartbeespoort parkrun	North West	South Africa	COVID-19 (Coronavirus)
2022-01-29	Hay Lodge parkrun	Scotland	United Kingdom	Adverse weather and high winds
2022-01-29	Hazlehead parkrun, Aberdeen	Scotland	United Kingdom	Course damage due to Storm Arwen
2022-02-05	Hazlehead parkrun, Aberdeen	Scotland	United Kingdom	Course damage due to Storm Arwen
2022-01-30	Heritage Park junior parkrun	Ireland	Ireland	Viking invasion planned on route
2022-02-06	Heritage Park junior parkrun	Ireland	Ireland	Awaiting Heritage Park confirmed reopening date
2022-01-29	Hilltop parkrun	North West England	United Kingdom	Local Covid restrictions
2022-01-29	Hilton parkrun	KZN · Inland	South Africa	COVID-19 (Coronavirus)
2022-02-05	Hilton parkrun	KZN · Inland	South Africa	COVID-19 (Coronavirus)
2022-02-12	Hilton parkrun	KZN · Inland	South Africa	COVID-19 (Coronavirus)
2022-01-29	Hobsonville Point parkrun	North Island	New Zealand	Due to current COVID-19 restrictions
2022-02-05	Hobsonville Point parkrun	North Island	New Zealand	Due to current COVID-19 restrictions
2022-03-06	Hogmoor Inclosure junior parkrun	South East England	United Kingdom	The Batty Bimble race is on - come & cheer us on!
2022-01-29	Hollesley Bay parkrun	East of England	United Kingdom	Local Covid restrictions
2022-02-05	Hondajima parkrun	Japan	Japan	降雪によるコース及び道路の不良が見込まれるため
2022-01-29	Hopkins parkrun	Victoria	Australia	Operational reasons
2022-01-29	Horinouchi koen parkrun	Japan	Japan	コロナ感染拡大防止のため
2022-02-05	Horinouchi koen parkrun	Japan	Japan	コロナ感染拡大防止のため
2022-02-12	Horinouchi koen parkrun	Japan	Japan	コロナ感染拡大防止のため
2022-02-19	Horinouchi koen parkrun	Japan	Japan	コロナ感染拡大防止のため
2022-01-29	Hout Bay parkrun	WC · Greater Cape Town	South Africa	waiting for permission from council
2022-02-05	Hout Bay parkrun	WC · Greater Cape Town	South Africa	Awaiting Event Permit
2022-01-29	Howard Temin Lakeshore Path parkrun	USA	United States	Weather -- very cold!
2022-01-29	Huddinge parkrun	Sweden	Sweden	Is på banan
2022-02-05	Huddinge parkrun	Sweden	Sweden	Is på banan
2022-01-29	Illaunmanagh parkrun	Ireland	Ireland	Establishing an event team
2022-02-05	Illaunmanagh parkrun	Ireland	Ireland	Establishing an event team
2022-02-12	Illaunmanagh parkrun	Ireland	Ireland	Establishing an event team
2022-01-29	Invercargill parkrun	South Island	New Zealand	Due to current COVID-19 restrictions
2022-02-05	Invercargill parkrun	South Island	New Zealand	Due to current COVID-19 restrictions
2022-01-29	Jamaica Pond parkrun	USA	United States	Cancelled: blizzard conditions
2022-01-29	Jesmond Dene parkrun	North East England	United Kingdom	High winds on course
2022-02-05	Jesmond Dene parkrun	North East England	United Kingdom	Storm damage to the park is too great
2022-01-29	Jindabyne parkrun	New South Wales	Australia	Flooding
2022-02-05	Jindabyne parkrun	New South Wales	Australia	Flooding
2022-01-29	Jock Trail parkrun	Kruger Lowveld	South Africa	Due to heavy rain resulting in safety concerns.
2022-02-05	Jock Trail parkrun	Kruger Lowveld	South Africa	Due to the construction of a new access bridge
2022-01-29	Joe Creason parkrun	USA	United States	expecting ice overnight after heavy snowfall
2022-01-29	KM Reedy Reserve parkrun	Victoria	Australia	Course flooding
2022-03-05	Kameeldoring parkrun	Limpopo	South Africa	Color Run
2022-05-14	Kameeldoring parkrun	Limpopo	South Africa	Kameeldoring Open Golfday
2022-09-24	Kameeldoring parkrun	Limpopo	South Africa	Kameeldoring Golfday
2022-11-19	Kameeldoring parkrun	Limpopo	South Africa	Bushveld Classic Golfday
2022-01-29	Kanata parkrun, Ottawa	Ontario	Canada	COVID-19 (Coronavirus)
2022-02-05	Kanata parkrun, Ottawa	Ontario	Canada	COVID-19 (Coronavirus)
2022-02-12	Kanata parkrun, Ottawa	Ontario	Canada	COVID-19 (Coronavirus)
2022-01-29	Kapiti Coast parkrun	North Island	New Zealand	Due to current COVID-19 restrictions
2022-02-05	Kapiti Coast parkrun	North Island	New Zealand	Due to current COVID-19 restrictions
2022-01-29	Kariyashi sogoundo koen parkrun	Japan	Japan	COVID-19 (Coronavirus)
2022-02-05	Kariyashi sogoundo koen parkrun	Japan	Japan	COVID-19 (Coronavirus)
2022-02-12	Kariyashi sogoundo koen parkrun	Japan	Japan	COVID-19 (Coronavirus)
2022-01-29	Kathu parkrun	Northern Cape	South Africa	Kathu Equestrain Club have Competitions on
2022-01-29	Kayamandi parkrun	WC · Winelands	South Africa	COVID-19 (Coronavirus)
2022-02-05	Kayamandi parkrun	WC · Winelands	South Africa	COVID-19 (Coronavirus)
2022-02-12	Kayamandi parkrun	WC · Winelands	South Africa	COVID-19 (Coronavirus)
2022-01-29	Kensington parkrun	USA	United States	Cold temps, high winds, roads and trail may be icy
2022-01-29	Keswick parkrun	North West England	United Kingdom	Trip hazards and wind debris on the course
2022-01-29	Kirkcaldy parkrun	Scotland	United Kingdom	Very high winds. Tree branches continuting to fall
2022-01-29	Kirkwall parkrun	Scotland	United Kingdom	70mph winds forecast
2022-01-29	Kiwanis parkrun	Ontario	Canada	COVID-19 (Coronavirus)
2022-02-05	Kiwanis parkrun	Ontario	Canada	COVID-19 (Coronavirus)
2022-02-12	Kiwanis parkrun	Ontario	Canada	COVID-19 (Coronavirus)
2022-01-29	Knockbracken Reservoir parkrun	Northern Ireland	United Kingdom	Obstructions on course, resulting in unsafe course
2022-01-29	Kraalkop parkrun	GP · West Rand	South Africa	COVID-19 (Coronavirus)
2022-02-05	Kraalkop parkrun	GP · West Rand	South Africa	COVID-19 (Coronavirus)
2022-02-12	Kraalkop parkrun	GP · West Rand	South Africa	COVID-19 (Coronavirus)
2022-01-29	Kungsängen parkrun	Sweden	Sweden	Mycket is kvar på banan
2022-02-05	Kungsängen parkrun	Sweden	Sweden	Isiga banan
2022-01-29	Kurpark parkrun	Germany	Germany	COVID-19 (Coronavirus)
2022-02-05	Kurpark parkrun	Germany	Germany	COVID-19 (Coronavirus)
2022-02-12	Kurpark parkrun	Germany	Germany	COVID-19 (Coronavirus)
2022-01-29	KwaMashu parkrun	KZN · Coastal	South Africa	COVID-19 (Coronavirus)
2022-02-05	KwaMashu parkrun	KZN · Coastal	South Africa	COVID-19 (Coronavirus)
2022-02-12	KwaMashu parkrun	KZN · Coastal	South Africa	COVID-19 (Coronavirus)
2022-01-29	Küchenholz parkrun	Germany	Germany	COVID-19 (Coronavirus)
2022-02-05	Küchenholz parkrun	Germany	Germany	COVID-19 (Coronavirus)
2022-02-12	Küchenholz parkrun	Germany	Germany	COVID-19 (Coronavirus)
2022-01-29	La Mandria parkrun	Italy	Italy	COVID-19 (Coronavirus)
2022-02-05	La Mandria parkrun	Italy	Italy	COVID-19 (Coronavirus)
2022-02-12	La Mandria parkrun	Italy	Italy	COVID-19 (Coronavirus)
2022-01-29	Lady Slipper parkrun	EC · Coastal	South Africa	COVID-19 (Coronavirus)
2022-02-05	Lady Slipper parkrun	EC · Coastal	South Africa	COVID-19 (Coronavirus)
2022-02-12	Lady Slipper parkrun	EC · Coastal	South Africa	COVID-19 (Coronavirus)
2022-01-29	Lanark Moor parkrun	Scotland	United Kingdom	Gail force winds.
2022-01-29	Lancefield parkrun	Victoria	Australia	unavailable
2022-02-05	Lancefield parkrun	Victoria	Australia	Course issues
2022-02-12	Lancefield parkrun	Victoria	Australia	Course issues
2022-01-29	Langenhoven parkrun	Free State	South Africa	COVID-19 (Coronavirus)
2022-02-05	Langenhoven parkrun	Free State	South Africa	COVID-19 (Coronavirus)
2022-02-12	Langenhoven parkrun	Free State	South Africa	COVID-19 (Coronavirus)
2022-01-29	Leakin Park parkrun	USA	United States	Due to predicted 17F and >33 mph winds tomorrow.
2022-01-29	Lebone parkrun	North West	South Africa	COVID-19 (Coronavirus)
2022-02-05	Lebone parkrun	North West	South Africa	COVID-19 (Coronavirus)
2022-02-12	Lebone parkrun	North West	South Africa	COVID-19 (Coronavirus)
2022-01-29	Leeupan parkrun	GP · Ekurhuleni	South Africa	COVID-19 (Coronavirus)
2022-02-05	Leeupan parkrun	GP · Ekurhuleni	South Africa	COVID-19 (Coronavirus)
2022-02-12	Leeupan parkrun	GP · Ekurhuleni	South Africa	COVID-19 (Coronavirus)
2022-01-29	Lews Castle parkrun	Scotland	United Kingdom	Storm force winds forecast, risk of tree damage
2022-05-28	Lews Castle parkrun	Scotland	United Kingdom	Stornoway  half marathon in area using same paths
2022-01-29	Linwood parkrun	Scotland	United Kingdom	High winds and debris on course
2022-02-05	Lismore parkrun	New South Wales	Australia	Part of course under water due to minor flooding.
2022-01-29	Lochend Woods parkrun	Scotland	United Kingdom	High winds forecast
2022-01-29	Lochore Meadows parkrun	Scotland	United Kingdom	Amber Weather Warning (wind) making event unsafe
2022-01-29	Lorne Beach parkrun	Victoria	Australia	COVID
2022-02-05	Lorne Beach parkrun	Victoria	Australia	COVID
2022-01-30	Lough Lannagh junior parkrun	Ireland	Ireland	Establishing an event team
2022-01-29	Louis Trichardt parkrun	Limpopo	South Africa	COVID-19 (Coronavirus)
2022-02-05	Louis Trichardt parkrun	Limpopo	South Africa	COVID-19 (Coronavirus)
2022-02-12	Louis Trichardt parkrun	Limpopo	South Africa	COVID-19 (Coronavirus)
2022-01-29	Lower Drummans parkrun	Northern Ireland	United Kingdom	Unable to facilitate due to Covid restrictions
2022-01-29	Lower Hutt parkrun	North Island	New Zealand	Due to current COVID-19 restrictions
2022-02-05	Lower Hutt parkrun	North Island	New Zealand	Due to current COVID-19 restrictions
2022-01-29	Luitpold parkrun	Germany	Germany	Covid regulations
2022-02-05	Luitpold parkrun	Germany	Germany	Too strict Covid regulations
2022-04-03	Lydiard junior parkrun	South West England	United Kingdom	Great Estates running event in Lydiard Park
2022-02-06	Maldon Prom junior parkrun	East of England	United Kingdom	Military event in the park
2022-01-29	Malling parkrun	South East England	United Kingdom	Path closures and cafe construction works
2022-02-05	Malling parkrun	South East England	United Kingdom	Path closures and cafe construction works
2022-02-12	Malling parkrun	South East England	United Kingdom	Path closures and cafe construction works
2022-02-19	Malling parkrun	South East England	United Kingdom	Path closures and cafe construction works
2022-02-26	Malling parkrun	South East England	United Kingdom	Path closures and cafe construction works
2022-01-29	Mansfield Botanic parkrun	Victoria	Australia	course flooding
2022-01-29	Mansfield OH parkrun	USA	United States	Cold Temperatures & icy trail
2022-01-29	Marsh-Billings-Rockefeller parkrun	USA	United States	COVID-19 (Coronavirus)
2022-02-05	Marsh-Billings-Rockefeller parkrun	USA	United States	COVID-19 (Coronavirus)
2022-02-12	Marsh-Billings-Rockefeller parkrun	USA	United States	COVID-19 (Coronavirus)
2022-01-29	McAllister parkrun	USA	United States	COVID-19 (Coronavirus)
2022-02-05	McAllister parkrun	USA	United States	COVID-19 (Coronavirus)
2022-02-12	McAllister parkrun	USA	United States	COVID-19 (Coronavirus)
2022-01-29	Meadowmill parkrun	Scotland	United Kingdom	Very high winds forecast, in the interests of H&S
2022-01-29	Meadowvale parkrun	Ontario	Canada	COVID-19 (Coronavirus)
2022-02-05	Meadowvale parkrun	Ontario	Canada	COVID-19 (Coronavirus)
2022-02-12	Meadowvale parkrun	Ontario	Canada	COVID-19 (Coronavirus)
2022-02-05	Melaleuca parkrun	Western Australia	Australia	Staffing issues
2022-02-12	Melaleuca parkrun	Western Australia	Australia	Staffing issues
2022-01-29	Merriwa parkrun	New South Wales	Australia	Lack of resources
2022-02-05	Merriwa parkrun	New South Wales	Australia	Lack of resources
2022-02-12	Merriwa parkrun	New South Wales	Australia	Lack of resources
2022-02-19	Merriwa parkrun	New South Wales	Australia	Lack of resources
2022-02-26	Merriwa parkrun	New South Wales	Australia	Lack of resources
2022-01-29	Meyerton parkrun	GP · Sedibeng	South Africa	Core volunteers not available
2022-01-29	Millwater parkrun	North Island	New Zealand	Due to current COVID-19 restrictions
2022-02-05	Millwater parkrun	North Island	New Zealand	Due to current COVID-19 restrictions
2022-02-19	Millwater parkrun	North Island	New Zealand	Run Auckland Series event at Millwater
2022-01-29	Mitchells Plain parkrun	WC · Greater Cape Town	South Africa	COVID-19 (Coronavirus)
2022-02-05	Mitchells Plain parkrun	WC · Greater Cape Town	South Africa	COVID-19 (Coronavirus)
2022-02-12	Mitchells Plain parkrun	WC · Greater Cape Town	South Africa	COVID-19 (Coronavirus)
2022-01-29	Mobilong parkrun	South Australia	Australia	Security Operations
2022-02-05	Mobilong parkrun	South Australia	Australia	Security consideration
2022-01-29	Montelepre parkrun	Italy	Italy	COVID-19 (Coronavirus)
2022-02-05	Montelepre parkrun	Italy	Italy	COVID-19 (Coronavirus)
2022-02-12	Montelepre parkrun	Italy	Italy	COVID-19 (Coronavirus)
2022-01-29	Montrose parkrun	Scotland	United Kingdom	High winds making course unsafe
2022-01-29	Morecambe Prom parkrun	North West England	United Kingdom	High winds are forecast.
2022-01-29	Mount Isa parkrun	Queensland	Australia	Parts of course under water w/ more rain predicted
2022-01-29	Mount Stuart parkrun	Scotland	United Kingdom	Hazardous weather conditions
2022-01-29	Mountain Goat Trail parkrun	USA	United States	COVID-19 (Coronavirus)
2022-02-05	Mountain Goat Trail parkrun	USA	United States	COVID-19 (Coronavirus)
2022-02-12	Mountain Goat Trail parkrun	USA	United States	COVID-19 (Coronavirus)
2022-01-29	Moussette parkrun	Quebec	Canada	COVID-19 (Coronavirus)
2022-02-12	Moussette parkrun	Quebec	Canada	COVID-19 (Coronavirus)
2022-01-29	Mt Penang parkrun	New South Wales	Australia	landowner permit in progress
2022-01-29	Mura di Lucca parkrun	Italy	Italy	incremento dei casi di Covid-19
2022-02-12	Naas parkrun	Ireland	Ireland	Horse racing at Racecourse
2022-01-29	Nagaragawa koen parkrun	Japan	Japan	まん延防止等重点措置により、イベントを中止します。
2022-02-05	Nagaragawa koen parkrun	Japan	Japan	まん延防止等重点措置により、イベントを中止します。
2022-01-29	Nahoon Point parkrun	EC · Coastal	South Africa	Awaiting permission from local authority.
2022-02-05	Nahoon Point parkrun	EC · Coastal	South Africa	Awaiting permission from local authority.
2022-01-29	Nansenparken parkrun	Norway	Norway	Too much ice on the course
2022-02-05	Nansenparken parkrun	Norway	Norway	Fresh snow fall has hidden the ice on the paths
2022-02-05	Nathan Road Sports Ground parkrun	Queensland	Australia	Course waterlogged; key paths not passable
2022-01-29	New Farm parkrun	Queensland	Australia	Brisbane City Council Cutter's Landing path works
2022-02-05	New Farm parkrun	Queensland	Australia	Brisbane City Council Cutter's Landing path works
2022-02-12	New Farm parkrun	Queensland	Australia	Brisbane City Council Cutter's Landing path works
2022-02-19	New Farm parkrun	Queensland	Australia	Brisbane City Council Cutter's Landing path works
2022-02-26	New Farm parkrun	Queensland	Australia	Brisbane City Council Cutter's Landing path works
2022-01-29	New York Central Fitness Trail parkrun	Ontario	Canada	COVID-19 (Coronavirus)
2022-02-05	New York Central Fitness Trail parkrun	Ontario	Canada	COVID-19 (Coronavirus)
2022-02-12	New York Central Fitness Trail parkrun	Ontario	Canada	COVID-19 (Coronavirus)
2022-01-29	Newbiggin-by-the-Sea parkrun	North East England	United Kingdom	Weather wind conditions
2022-01-29	Nkomazi parkrun	Kruger Lowveld	South Africa	Maintenance on the farm, route was not accessible
2022-01-29	North Bay parkrun	Ontario	Canada	COVID-19 (Coronavirus)
2022-02-05	North Bay parkrun	Ontario	Canada	COVID-19 (Coronavirus)
2022-02-12	North Bay parkrun	Ontario	Canada	COVID-19 (Coronavirus)
2022-01-29	North Beach parkrun	KZN · Coastal	South Africa	COVID-19 (Coronavirus)
2022-02-05	North Beach parkrun	KZN · Coastal	South Africa	COVID-19 (Coronavirus)
2022-02-12	North Beach parkrun	KZN · Coastal	South Africa	COVID-19 (Coronavirus)
2022-01-29	Nova Prestatyn parkrun	Wales	United Kingdom	Strong wind.
2022-01-29	Oak Grove parkrun	USA	United States	COVID-19 (Coronavirus)
2022-02-05	Oak Grove parkrun	USA	United States	COVID-19 (Coronavirus)
2022-02-12	Oak Grove parkrun	USA	United States	COVID-19 (Coronavirus)
2022-01-29	Oakwell Hall parkrun	Yorkshire and the Humber	United Kingdom	Venue not yet available
2022-02-05	Oakwell Hall parkrun	Yorkshire and the Humber	United Kingdom	Venue not yet available
2022-02-12	Oakwell Hall parkrun	Yorkshire and the Humber	United Kingdom	Venue not yet available
2022-01-29	Ohio and Erie Canal Reservation parkrun	USA	United States	Still ice on the trail and the frigid temperatures
2022-02-05	Ohio and Erie Canal Reservation parkrun	USA	United States	Ice on the trail and very frigid temperatures.
2022-01-29	Okanagan parkrun	British Columbia	Canada	Covid lock out
2022-01-29	Oriam parkrun	Scotland	United Kingdom	wind speed, amber weather warning
2022-01-29	Orleans parkrun	Ontario	Canada	COVID-19 (Coronavirus)
2022-02-05	Orleans parkrun	Ontario	Canada	COVID-19 (Coronavirus)
2022-02-12	Orleans parkrun	Ontario	Canada	COVID-19 (Coronavirus)
2022-03-19	Ormskirk parkrun	North West England	United Kingdom	Edge Hill University applicant visit day.
2022-01-29	Owairaka parkrun	North Island	New Zealand	Due to current COVID-19 restrictions
2022-02-05	Owairaka parkrun	North Island	New Zealand	Due to current COVID-19 restrictions
2022-03-26	Oyodogawa shiminryokuchi parkrun	Japan	Japan	公園での別のイベント
2022-01-29	PE Hobie Beach parkrun	EC · Coastal	South Africa	COVID-19 (Coronavirus)
2022-02-05	PE Hobie Beach parkrun	EC · Coastal	South Africa	COVID-19 (Coronavirus)
2022-02-12	PE Hobie Beach parkrun	EC · Coastal	South Africa	COVID-19 (Coronavirus)
2022-01-29	Pakapakanthi parkrun	South Australia	Australia	Ongoing need for priority testing lane
2022-02-05	Pakapakanthi parkrun	South Australia	Australia	Vehicles using course
2022-01-29	Palmerston North parkrun	North Island	New Zealand	Due to current COVID-19 restrictions
2022-02-05	Palmerston North parkrun	North Island	New Zealand	Due to current COVID-19 restrictions
2022-01-29	Parc parkrun	Wales	United Kingdom	Local Covid restrictions
2022-01-29	Peace Valley parkrun	USA	United States	Winter storm: Unsafe conditions
2022-01-29	Pegasus parkrun	South Island	New Zealand	Due to current COVID-19 restrictions
2022-02-05	Pegasus parkrun	South Island	New Zealand	Due to current COVID-19 restrictions
2022-02-05	Penrith Lakes parkrun	New South Wales	Australia	Another event at the Regatta Centre
2022-02-12	Penrith Lakes parkrun	New South Wales	Australia	Another event at the Regatta Centre
2022-02-19	Penrith Lakes parkrun	New South Wales	Australia	Another event at the Regatta Centre
2022-01-29	Penticton parkrun	British Columbia	Canada	covid
2022-01-30	Peoples Park junior parkrun	Wales	United Kingdom	No RDs
2022-01-29	Peregrine parkrun	South East England	United Kingdom	Ongoing COIVD restrictions on site
2022-02-05	Peregrine parkrun	South East England	United Kingdom	Ongoing COIVD restrictions on site
2022-01-29	Petrie parkrun	Queensland	Australia	Flooded course
2022-02-05	Petrie parkrun	Queensland	Australia	Due to the dam release but SEQ Water
2022-01-29	Phoenix Park parkrun	GP · Sedibeng	South Africa	COVID-19 (Coronavirus)
2022-02-05	Phoenix Park parkrun	GP · Sedibeng	South Africa	COVID-19 (Coronavirus)
2022-02-12	Phoenix Park parkrun	GP · Sedibeng	South Africa	COVID-19 (Coronavirus)
2022-01-29	Pioneer Dairy parkrun	New South Wales	Australia	Permit renewal in process
2022-02-05	Pioneer Dairy parkrun	New South Wales	Australia	Permit renewal in process
2022-01-29	Polkemmet Country parkrun	Scotland	United Kingdom	High Winds potential danger in woodland setting
2022-04-09	Pomphrey Hill parkrun	South West England	United Kingdom	Charity Festival of Running at Pomphrey Hill
2022-01-29	Pont y Bala parkrun	Wales	United Kingdom	Major works on the Course
2022-02-05	Pont y Bala parkrun	Wales	United Kingdom	Flood defence work
2022-02-12	Pont y Bala parkrun	Wales	United Kingdom	Flood defence work
2022-02-19	Pont y Bala parkrun	Wales	United Kingdom	Flood defence work
2022-02-26	Pont y Bala parkrun	Wales	United Kingdom	Major works on the parkrun route
2022-03-05	Pont y Bala parkrun	Wales	United Kingdom	Major works on the parkrun route
2022-03-12	Pont y Bala parkrun	Wales	United Kingdom	Major works on the parkrun route
2022-03-19	Pont y Bala parkrun	Wales	United Kingdom	Major works on the parkrun route
2022-03-26	Pont y Bala parkrun	Wales	United Kingdom	Major works on the parkrun route
2022-01-29	Pontefract parkrun	Yorkshire and the Humber	United Kingdom	Cross Country event taking place in the park
2022-01-29	Porirua parkrun	North Island	New Zealand	Due to current COVID-19 restrictions
2022-02-05	Porirua parkrun	North Island	New Zealand	Due to current COVID-19 restrictions
2022-01-29	Portobello parkrun, Edinburgh	Scotland	United Kingdom	Safety concerns - high winds
2022-01-29	Portrack parkrun	North East England	United Kingdom	Reopening work in progress
2022-02-05	Portrack parkrun	North East England	United Kingdom	Reopening work in progress
2022-02-12	Portrack parkrun	North East England	United Kingdom	Reopening work in progress
2022-03-26	Portsmouth Lakeside parkrun	South East England	United Kingdom	Essential maintenance of footpaths.
2022-01-29	Potchefstroom parkrun	North West	South Africa	COVID-19 (Coronavirus)
2022-02-05	Potchefstroom parkrun	North West	South Africa	COVID-19 (Coronavirus)
2022-02-12	Potchefstroom parkrun	North West	South Africa	COVID-19 (Coronavirus)
2022-01-29	Prescoed parkrun	Wales	United Kingdom	COVID Restrictions in prison
2022-02-05	Prescoed parkrun	Wales	United Kingdom	COVID Restrictions in prison
2022-01-29	Presint 18 parkrun, Putrajaya	Malaysia	Malaysia	COVID-19 (Coronavirus)
2022-02-05	Presint 18 parkrun, Putrajaya	Malaysia	Malaysia	COVID-19 (Coronavirus)
2022-02-12	Presint 18 parkrun, Putrajaya	Malaysia	Malaysia	COVID-19 (Coronavirus)
2022-03-06	Prestatyn Prom junior parkrun	Wales	United Kingdom	No Run Director available.
2022-04-03	Prestatyn Prom junior parkrun	Wales	United Kingdom	Other event taking place
2022-08-13	Preston parkrun	North West England	United Kingdom	the Classic Car show event in the park
2022-01-29	Prince Albert parkrun	WC · Karoo	South Africa	COVID-19 (Coronavirus)
2022-02-05	Prince Albert parkrun	WC · Karoo	South Africa	COVID-19 (Coronavirus)
2022-02-12	Prince Albert parkrun	WC · Karoo	South Africa	COVID-19 (Coronavirus)
2022-01-29	Prudhoe Riverside parkrun	North East England	United Kingdom	Excessive winds, with debris already evident
2022-01-29	Puarenga parkrun	North Island	New Zealand	Due to current COVID-19 restrictions
2022-02-05	Puarenga parkrun	North Island	New Zealand	Due to current COVID-19 restrictions
2022-01-29	Puolarmaari parkrun	Finland	Finland	Due to current Covid guidance
2022-01-29	Randfontein parkrun	GP · West Rand	South Africa	COVID-19 (Coronavirus)
2022-02-05	Randfontein parkrun	GP · West Rand	South Africa	COVID-19 (Coronavirus)
2022-02-12	Randfontein parkrun	GP · West Rand	South Africa	COVID-19 (Coronavirus)
2022-01-30	Reculver junior parkrun	South East England	United Kingdom	Venue not yet available
2022-02-05	Red Star parkrun	Mpumalanga	South Africa	key paths unusable
2022-01-29	Reynella East parkrun	South Australia	Australia	CANCELLED! Blocked paths due to maintenance.
2022-02-05	Reynella East parkrun	South Australia	Australia	Maintenance on the path.
2022-01-29	Richmond Olympic parkrun	British Columbia	Canada	No RD available
2022-01-29	Riemer parkrun	Germany	Germany	die Gesamtsituation mit Beteiligungsniveau
2022-01-29	River Oaks parkrun	Ontario	Canada	COVID-19 (Coronavirus)
2022-02-05	River Oaks parkrun	Ontario	Canada	COVID-19 (Coronavirus)
2022-02-12	River Oaks parkrun	Ontario	Canada	COVID-19 (Coronavirus)
2022-01-29	Riverfields parkrun	GP · Ekurhuleni	South Africa	COVID-19 (Coronavirus)
2022-02-05	Riverfields parkrun	GP · Ekurhuleni	South Africa	COVID-19 (Coronavirus)
2022-02-12	Riverfields parkrun	GP · Ekurhuleni	South Africa	COVID-19 (Coronavirus)
2022-01-29	Roosevelt Island DC parkrun	USA	United States	chance of hazardous weather conditions developing
2022-01-29	Root 44 parkrun	WC · Winelands	South Africa	COVID-19 (Coronavirus)
2022-02-05	Root 44 parkrun	WC · Winelands	South Africa	COVID-19 (Coronavirus)
2022-02-12	Root 44 parkrun	WC · Winelands	South Africa	COVID-19 (Coronavirus)
2022-01-29	Ruchill parkrun	Scotland	United Kingdom	High winds
2022-01-29	Russborough parkrun	Ireland	Ireland	No access to AED
2022-06-26	Rutland Water junior parkrun	East Midlands	United Kingdom	Course being used for another event
2022-09-11	Rutland Water junior parkrun	East Midlands	United Kingdom	Course being used for another event
2022-09-25	Rutland Water junior parkrun	East Midlands	United Kingdom	Route being used for Rutland Marathon
2022-01-29	Röthelheimpark parkrun	Germany	Germany	COVID-19 (Coronavirus)
2022-02-05	Röthelheimpark parkrun	Germany	Germany	COVID-19 (Coronavirus)
2022-02-12	Röthelheimpark parkrun	Germany	Germany	COVID-19 (Coronavirus)
2022-01-29	Saint-Paulin parkrun	Quebec	Canada	COVID-19 (Coronavirus)
2022-02-05	Saint-Paulin parkrun	Quebec	Canada	COVID-19 (Coronavirus)
2022-02-12	Saint-Paulin parkrun	Quebec	Canada	COVID-19 (Coronavirus)
2022-04-10	Salt Hill junior parkrun	South East England	United Kingdom	All the RD's are running the Brighton Marathon
2022-01-29	Sands Lane parkrun	Yorkshire and the Humber	United Kingdom	COVID OUTBREAK PRISON
2022-01-30	Sedgefield junior parkrun	North East England	United Kingdom	Uncertainty of park being reopened after storm dam
2022-01-29	Sedgefield parkrun	North East England	United Kingdom	Park closed due to high winds
2022-01-29	Senekal parkrun	Free State	South Africa	Venue unavailable
2022-02-05	Senekal parkrun	Free State	South Africa	No volunteers and ED unavailable due to athletics
2022-01-29	Shawnigan Hills parkrun	British Columbia	Canada	COVID restrictions in place on school campus.
2022-02-05	Shawnigan Hills parkrun	British Columbia	Canada	COVID restrictions in place on school campus.
2022-02-12	Shawnigan Hills parkrun	British Columbia	Canada	COVID restrictions in place on school campus.
2022-01-30	Shelbourne junior parkrun	Ireland	Ireland	Establishing an event team
2022-02-06	Shelbourne junior parkrun	Ireland	Ireland	event not available
2022-01-30	Shelley junior parkrun	Yorkshire and the Humber	United Kingdom	Course is waterlogged.
2022-02-06	Shelley junior parkrun	Yorkshire and the Humber	United Kingdom	Course is waterlogged
2022-02-13	Shelley junior parkrun	Yorkshire and the Humber	United Kingdom	Course is waterlogged
2022-02-20	Shelley junior parkrun	Yorkshire and the Humber	United Kingdom	Course is waterlogged
2022-02-27	Shelley junior parkrun	Yorkshire and the Humber	United Kingdom	Course is waterlogged
2022-01-29	Sherwood Reserve parkrun	North Island	New Zealand	Due to current COVID-19 restrictions
2022-02-05	Sherwood Reserve parkrun	North Island	New Zealand	Due to current COVID-19 restrictions
2022-01-29	Shimanami Earthland parkrun	Japan	Japan	COVID-19 (Coronavirus)
2022-02-05	Shimanami Earthland parkrun	Japan	Japan	COVID-19 (Coronavirus)
2022-02-12	Shimanami Earthland parkrun	Japan	Japan	COVID-19 (Coronavirus)
2022-02-05	Shongweni parkrun	KZN · Inland	South Africa	Quest Trail Run and MTB event
2022-02-19	Shongweni parkrun	KZN · Inland	South Africa	Another event happening at the venue - horse event
2022-01-29	Sippo Lake parkrun	USA	United States	Ice and frigid temperatures.
2022-03-26	Sippo Lake parkrun	USA	United States	Park Running Event at another location
2022-01-29	Sirromet parkrun	Queensland	Australia	Covid restrictions
2022-02-05	Sirromet parkrun	Queensland	Australia	Covid restrictions
2022-02-12	Sirromet parkrun	Queensland	Australia	Covid restrictions
2022-02-19	Sirromet parkrun	Queensland	Australia	Covid restrictions
2022-02-26	Sirromet parkrun	Queensland	Australia	Covid restrictions
2022-06-19	South Park junior parkrun	North East England	United Kingdom	Race for Life
2022-06-26	South Park junior parkrun	North East England	United Kingdom	Proms in the Park at South Park
2022-01-29	South Riverfront Trail parkrun	New Brunswick	Canada	COVID-19 (Coronavirus)
2022-01-29	South Shields parkrun	North East England	United Kingdom	Amber weather warning (wind) at seafront and cliff
2022-02-05	Springhill parkrun	South East England	United Kingdom	no staff to supervise event
2022-01-30	St Anne’s junior parkrun	Ireland	Ireland	Race in the park
2022-02-06	Stanley Park junior parkrun	North West England	United Kingdom	Liverpool FC early kickoff
2022-01-29	Steynsrus Showground parkrun	Free State	South Africa	COVID-19 (Coronavirus)
2022-02-05	Steynsrus Showground parkrun	Free State	South Africa	COVID-19 (Coronavirus)
2022-02-12	Steynsrus Showground parkrun	Free State	South Africa	COVID-19 (Coronavirus)
2022-02-12	Stormont parkrun	Northern Ireland	United Kingdom	Cross country event taking place in the estate
2022-01-29	Strand Beach parkrun	WC · Winelands	South Africa	COVID-19 (Coronavirus)
2022-02-05	Strand Beach parkrun	WC · Winelands	South Africa	COVID-19 (Coronavirus)
2022-02-12	Strand Beach parkrun	WC · Winelands	South Africa	COVID-19 (Coronavirus)
2022-01-29	Strokestown parkrun	Ireland	Ireland	Construction Works cancelled til further notice
2022-02-05	Strokestown parkrun	Ireland	Ireland	Construction Works cancelled til further notice
2022-02-12	Strokestown parkrun	Ireland	Ireland	Construction Works cancelled til further notice
2022-02-19	Strokestown parkrun	Ireland	Ireland	Construction Works cancelled til further notice
2022-02-26	Strokestown parkrun	Ireland	Ireland	Construction Works cancelled til further notice
2022-03-05	Strokestown parkrun	Ireland	Ireland	Construction Works cancelled til further notice
2022-03-12	Strokestown parkrun	Ireland	Ireland	Construction Works cancelled til further notice
2022-03-19	Strokestown parkrun	Ireland	Ireland	Construction Works cancelled til further notice
2022-03-26	Strokestown parkrun	Ireland	Ireland	Construction Works cancelled til further notice
2022-01-29	Sunnidale parkrun	Ontario	Canada	COVID-19 (Coronavirus)
2022-02-05	Sunnidale parkrun	Ontario	Canada	COVID-19 (Coronavirus)
2022-02-12	Sunnidale parkrun	Ontario	Canada	COVID-19 (Coronavirus)
2022-01-29	Susquehanna Riverwalk parkrun	USA	United States	Too much ice on course - hazardous!
2022-01-29	Swinfen parkrun	West Midlands	United Kingdom	Local Covid restrictions
2022-01-29	TYTO Wetlands parkrun	Queensland	Australia	No runner turned up
2022-01-29	Taman Pudu Ulu parkrun	Malaysia	Malaysia	COVID-19 (Coronavirus)
2022-02-05	Taman Pudu Ulu parkrun	Malaysia	Malaysia	COVID-19 (Coronavirus)
2022-02-12	Taman Pudu Ulu parkrun	Malaysia	Malaysia	COVID-19 (Coronavirus)
2022-01-29	Taman Tasik Danau Kota parkrun	Malaysia	Malaysia	COVID-19 (Coronavirus)
2022-02-05	Taman Tasik Danau Kota parkrun	Malaysia	Malaysia	COVID-19 (Coronavirus)
2022-02-12	Taman Tasik Danau Kota parkrun	Malaysia	Malaysia	COVID-19 (Coronavirus)
2022-01-29	Tauranga parkrun	North Island	New Zealand	Due to current COVID-19 restrictions
2022-02-05	Tauranga parkrun	North Island	New Zealand	Due to current COVID-19 restrictions
2022-01-29	Tees Barrage parkrun	North East England	United Kingdom	Venue not yet available
2022-02-05	Tees Barrage parkrun	North East England	United Kingdom	Venue not yet available
2022-02-12	Tees Barrage parkrun	North East England	United Kingdom	Venue not yet available
2022-01-29	Tennogawa koen parkrun	Japan	Japan	諸事情により
2022-01-29	Tern Hill parkrun	West Midlands	United Kingdom	Reopening work in progress
2022-02-05	Tern Hill parkrun	West Midlands	United Kingdom	Reopening work in progress
2022-02-12	Tern Hill parkrun	West Midlands	United Kingdom	Reopening work in progress
2022-01-29	The Beaches parkrun	New South Wales	Australia	Dangerous conditions- exposed rock & sand erosion
2022-02-05	The Beaches parkrun	New South Wales	Australia	Course unsafe: tide, weather and sand erosion
2022-01-29	The Grand Canal Way parkrun, Tullamore	Ireland	Ireland	Due to recent tragic events, parkrun cancelled.
2022-02-05	The Grand Canal Way parkrun, Tullamore	Ireland	Ireland	Due to recent events, parkrun will not go ahead.
2022-02-05	The Grange parkrun	North East England	United Kingdom	Covid restrictions for runners safety
2022-01-29	The Pastures parkrun	North East England	United Kingdom	Storm Malik
2022-03-20	Thorndon junior parkrun	South Australia	Australia	Rotary Club Swap Meet
2022-01-29	Thurso parkrun	Scotland	United Kingdom	High Winds Forecast
2022-01-29	Tokoinranta parkrun	Finland	Finland	Due to current Covid guidance
2022-01-30	Torridge junior parkrun	South West England	United Kingdom	as no Run Directors available
2022-01-29	Torvean parkrun	Scotland	United Kingdom	Gale force winds, weather warnings issued.
2022-02-05	Town Moor parkrun	North East England	United Kingdom	Winter Warmer Run taking place on the Moor
2022-02-12	Tramore parkrun, Waterford	Ireland	Ireland	Congestion/safety of carpark due to WTC Duathlon
2022-02-12	Tremorfa parkrun	Wales	United Kingdom	Another event using our course
2022-01-29	Trentham Memorial parkrun	North Island	New Zealand	Due to current COVID-19 restrictions
2022-02-05	Trentham Memorial parkrun	North Island	New Zealand	Due to current COVID-19 restrictions
2022-01-29	Tring parkrun	East of England	United Kingdom	Venue not yet available
2022-01-29	Trout Pond parkrun	Alberta	Canada	Winter break
2022-02-05	Trout Pond parkrun	Alberta	Canada	Winter break
2022-02-12	Trout Pond parkrun	Alberta	Canada	winter break
2022-02-19	Trout Pond parkrun	Alberta	Canada	winter break
2022-02-26	Trout Pond parkrun	Alberta	Canada	winter break
2022-03-05	Trout Pond parkrun	Alberta	Canada	winter break
2022-03-12	Trout Pond parkrun	Alberta	Canada	winter break
2022-03-19	Trout Pond parkrun	Alberta	Canada	winter break
2022-03-26	Trout Pond parkrun	Alberta	Canada	winter break
2022-01-29	Tyne Green parkrun	North East England	United Kingdom	Very high winds are forecast.
2022-01-29	Tzaneen parkrun	Limpopo	South Africa	Adverse weather conditions, heavy rain and thunder
2022-01-29	Tøyen parkrun	Norway	Norway	The route is still to icy to have parkrun
2022-02-05	Tøyen parkrun	Norway	Norway	Unsafe course due to icy winter conditions.
2022-01-29	University of Waikato parkrun	North Island	New Zealand	Due to current COVID-19 restrictions
2022-02-05	University of Waikato parkrun	North Island	New Zealand	Due to current COVID-19 restrictions
2022-01-29	Uppsala parkrun	Sweden	Sweden	Bad surface and weather expected.
2022-01-29	Ventersburg parkrun	Free State	South Africa	Wet and hazardous
2022-01-29	Victoria parkrun, Kitchener	Ontario	Canada	COVID-19 (Coronavirus)
2022-02-05	Victoria parkrun, Kitchener	Ontario	Canada	COVID-19 (Coronavirus)
2022-02-12	Victoria parkrun, Kitchener	Ontario	Canada	COVID-19 (Coronavirus)
2022-01-29	Victoria parkrun, Truro	Nova Scotia	Canada	COVID-19 (Coronavirus)
2022-02-05	Victoria parkrun, Truro	Nova Scotia	Canada	COVID-19 (Coronavirus)
2022-02-12	Victoria parkrun, Truro	Nova Scotia	Canada	COVID-19 (Coronavirus)
2022-01-29	Vogrie parkrun	Scotland	United Kingdom	Park will be closed due to high winds forecasted
2022-01-29	Voortrekker Monument parkrun, Pretoria	GP · Tshwane - Pretoria	South Africa	COVID-19 (Coronavirus)
2022-02-05	Voortrekker Monument parkrun, Pretoria	GP · Tshwane - Pretoria	South Africa	COVID-19 (Coronavirus)
2022-02-12	Voortrekker Monument parkrun, Pretoria	GP · Tshwane - Pretoria	South Africa	COVID-19 (Coronavirus)
2022-01-29	Vrede parkrun	Free State	South Africa	COVID-19 (Coronavirus)
2022-02-05	Vrede parkrun	Free State	South Africa	COVID-19 (Coronavirus)
2022-02-12	Vrede parkrun	Free State	South Africa	COVID-19 (Coronavirus)
2022-01-29	Wallaceneuk parkrun	Scotland	United Kingdom	due to very strong winds.
2022-01-29	Walton parkrun	North West England	United Kingdom	Reopening work in progress
2022-02-05	Walton parkrun	North West England	United Kingdom	Reopening work in progress
2022-02-12	Walton parkrun	North West England	United Kingdom	Reopening work in progress
2022-01-29	Warren Hill parkrun	East of England	United Kingdom	Reopening work in progress
2022-02-05	Warren Hill parkrun	East of England	United Kingdom	Reopening work in progress
2022-02-12	Warren Hill parkrun	East of England	United Kingdom	Reopening work in progress
2022-02-12	Warwick Racecourse parkrun	West Midlands	United Kingdom	Horseracing (Kingmaker Novice Chase Day)
2022-02-26	Warwick Racecourse parkrun	West Midlands	United Kingdom	Horseracing the day before (Budbrooke Chase Day)
2022-05-07	Warwick Racecourse parkrun	West Midlands	United Kingdom	Horseracing (Ladies Night)
2022-01-29	Wascana parkrun	Saskatchewan	Canada	COVID-19 (Coronavirus)
2022-02-05	Wascana parkrun	Saskatchewan	Canada	COVID-19 (Coronavirus)
2022-02-12	Wascana parkrun	Saskatchewan	Canada	COVID-19 (Coronavirus)
2022-01-29	Waterfall parkrun	GP · Greater Joburg	South Africa	COVID-19 (Coronavirus)
2022-02-05	Waterfall parkrun	GP · Greater Joburg	South Africa	COVID-19 (Coronavirus)
2022-02-12	Waterfall parkrun	GP · Greater Joburg	South Africa	COVID-19 (Coronavirus)
2022-01-29	Wayland parkrun	East of England	United Kingdom	Reopening work in progress
2022-02-05	Wayland parkrun	East of England	United Kingdom	Reopening work in progress
2022-02-12	Wayland parkrun	East of England	United Kingdom	Reopening work in progress
2022-01-29	Weavers Country Estate parkrun	Mpumalanga	South Africa	COVID-19 (Coronavirus)
2022-02-05	Weavers Country Estate parkrun	Mpumalanga	South Africa	COVID-19 (Coronavirus)
2022-02-12	Weavers Country Estate parkrun	Mpumalanga	South Africa	COVID-19 (Coronavirus)
2022-02-05	Welkom parkrun	Free State	South Africa	Other events - School Sports
2022-02-19	Welkom parkrun	Free State	South Africa	Other events - School Sport
2022-01-29	Wells Estate parkrun	EC · Coastal	South Africa	COVID-19 (Coronavirus)
2022-02-05	Wells Estate parkrun	EC · Coastal	South Africa	COVID-19 (Coronavirus)
2022-01-29	West Coast Park parkrun	Singapore	Singapore	COVID-19 (Coronavirus)
2022-02-05	West Coast Park parkrun	Singapore	Singapore	COVID-19 (Coronavirus)
2022-02-12	West Coast Park parkrun	Singapore	Singapore	COVID-19 (Coronavirus)
2022-01-29	West Links parkrun	Scotland	United Kingdom	Storm Malik.  Council advice to avoid coastline.
2022-01-29	Westbury parkrun	GP · Greater Joburg	South Africa	COVID-19 (Coronavirus)
2022-02-05	Westbury parkrun	GP · Greater Joburg	South Africa	COVID-19 (Coronavirus)
2022-02-12	Westbury parkrun	GP · Greater Joburg	South Africa	COVID-19 (Coronavirus)
2022-01-29	Western Springs parkrun	North Island	New Zealand	Due to current COVID-19 restrictions
2022-02-05	Western Springs parkrun	North Island	New Zealand	Due to current COVID-19 restrictions
2022-01-29	Westonaria parkrun	GP · West Rand	South Africa	COVID-19 (Coronavirus)
2022-02-05	Westonaria parkrun	GP · West Rand	South Africa	COVID-19 (Coronavirus)
2022-02-12	Westonaria parkrun	GP · West Rand	South Africa	COVID-19 (Coronavirus)
2022-03-20	Weymouth junior parkrun	South West England	United Kingdom	Weymouth Half Marathon will be on the course
2022-01-29	Whangarei parkrun	North Island	New Zealand	Due to current COVID-19 restrictions
2022-02-05	Whangarei parkrun	North Island	New Zealand	Due to current COVID-19 restrictions
2022-01-29	Whinlatter Forest parkrun	North West England	United Kingdom	Due to the forecast of severe high wind
2022-03-12	Whinlatter Forest parkrun	North West England	United Kingdom	Car rally in forest
2022-01-29	Whistler parkrun	British Columbia	Canada	COVID-19 (Coronavirus)
2022-02-05	Whistler parkrun	British Columbia	Canada	COVID-19 (Coronavirus)
2022-02-12	Whistler parkrun	British Columbia	Canada	COVID-19 (Coronavirus)
2022-01-29	Whitby parkrun	Ontario	Canada	COVID-19 (Coronavirus)
2022-02-05	Whitby parkrun	Ontario	Canada	COVID-19 (Coronavirus)
2022-02-12	Whitby parkrun	Ontario	Canada	COVID-19 (Coronavirus)
2022-01-30	Whiteley junior parkrun	South East England	United Kingdom	Establishing an event team
2022-02-06	Whiteley junior parkrun	South East England	United Kingdom	Establishing an event team
2022-02-13	Whiteley junior parkrun	South East England	United Kingdom	Establishing an event team
2022-01-29	Wienburgpark parkrun	Germany	Germany	weiterhin nicht startbereit
2022-02-05	Windhoek parkrun	Namibia	South Africa	Insufficient volunteers
2022-02-12	Windhoek parkrun	Namibia	South Africa	Golf tournament at the venue
2022-03-05	Windhoek parkrun	Namibia	South Africa	Golf tournament at the venue
2022-05-07	Windhoek parkrun	Namibia	South Africa	Golf tournament at the venue
2022-01-29	Witbank parkrun	Mpumalanga	South Africa	COVID-19 (Coronavirus)
2022-02-05	Witbank parkrun	Mpumalanga	South Africa	COVID-19 (Coronavirus)
2022-02-12	Witbank parkrun	Mpumalanga	South Africa	COVID-19 (Coronavirus)
2022-01-29	Wits parkrun	GP · Greater Joburg	South Africa	COVID-19 (Coronavirus)
2022-02-05	Wits parkrun	GP · Greater Joburg	South Africa	COVID-19 (Coronavirus)
2022-02-12	Wits parkrun	GP · Greater Joburg	South Africa	COVID-19 (Coronavirus)
2022-01-29	Wittelsbacher Park parkrun	Germany	Germany	COVID-19 (Coronavirus)
2022-02-05	Wittelsbacher Park parkrun	Germany	Germany	COVID-19 (Coronavirus)
2022-02-12	Wittelsbacher Park parkrun	Germany	Germany	COVID-19 (Coronavirus)
2022-04-30	Witton parkrun	North West England	United Kingdom	Restricted Rocks Concert
2022-11-05	Witton parkrun	North West England	United Kingdom	Bonfire
2022-05-15	Worden Park junior parkrun	North West England	United Kingdom	Another running event in the park
2022-01-29	Wyndham Vale parkrun	Victoria	Australia	course is flooded after heavy rains
2022-01-29	Wöhrder See parkrun	Germany	Germany	local Covid-19 situation.
2022-01-29	Yeldulknie Weir Trail parkrun	South Australia	Australia	Track damage due to flooding
2022-01-29	You Yangs parkrun	Victoria	Australia	Unsafe course conditions due to storms
2022-01-29	Yuuka Family Road parkrun	Japan	Japan	ボランティア不足
2022-01-29	Yzerfontein parkrun	WC · West Coast	South Africa	COVID-19 (Coronavirus)
2022-02-05	Yzerfontein parkrun	WC · West Coast	South Africa	COVID-19 (Coronavirus)
2022-02-12	Yzerfontein parkrun	WC · West Coast	South Africa	COVID-19 (Coronavirus)
2022-01-29	iMonti parkrun	EC · Coastal	South Africa	COVID-19 (Coronavirus)
2022-02-05	iMonti parkrun	EC · Coastal	South Africa	COVID-19 (Coronavirus)
2022-02-12	iMonti parkrun	EC · Coastal	South Africa	COVID-19 (Coronavirus)
2022-01-29	parkrun Buzuluk Park Pushkina	Приволжский федеральный округ	Russia	трасса непригодна(заметена)
2022-02-05	parkrun Buzuluk Park Pushkina	Приволжский федеральный округ	Russia	трасса непригодна(заметена)
2022-02-12	parkrun Buzuluk Park Pushkina	Приволжский федеральный округ	Russia	трасса непригодна(заметена)
2022-02-19	parkrun Buzuluk Park Pushkina	Приволжский федеральный округ	Russia	трасса непригодна(заметена)
2022-02-26	parkrun Buzuluk Park Pushkina	Приволжский федеральный округ	Russia	трасса непригодна(заметена)
2022-01-29	parkrun Charzykowy	Poland	Poland	lack of volounteers on this day
2022-02-12	parkrun Gorodskoy Park Semya	Приволжский федеральный округ	Russia	некоторые участники и волонтеры уезжают в Ижевск
2022-01-29	parkrun Korolev	Московская область	Russia	рост заболеваемости Covid-19 в Королёве
2022-02-05	parkrun Korolev	Московская область	Russia	Рост заболеваемости Covid-19 в Королёве
2022-02-12	parkrun Korolev	Московская область	Russia	Рост заболеваемости Covid-19 в Королёве
2022-01-29	parkrun Memorialny Park	Центральный ФО	Russia	COVID-19 (Coronavirus)
2022-02-05	parkrun Memorialny Park	Центральный ФО	Russia	COVID-19 (Coronavirus)
2022-02-12	parkrun Memorialny Park	Центральный ФО	Russia	COVID-19 (Coronavirus)
2022-01-29	parkrun Pavlovsky Posad	Московская область	Russia	No participants attended
2022-01-29	parkrun Ryazan Central	Центральный ФО	Russia	COVID-19 (Coronavirus)
2022-02-05	parkrun Ryazan Central	Центральный ФО	Russia	COVID-19 (Coronavirus)
2022-02-12	parkrun Ryazan Central	Центральный ФО	Russia	COVID-19 (Coronavirus)
2022-01-29	parkrun Ryazan Oreshek	Центральный ФО	Russia	COVID-19 (Coronavirus)
2022-02-05	parkrun Ryazan Oreshek	Центральный ФО	Russia	COVID-19 (Coronavirus)
2022-02-12	parkrun Ryazan Oreshek	Центральный ФО	Russia	COVID-19 (Coronavirus)
2022-01-29	parkrun Sosnovka	Санкт-Петербург	Russia	COVID-19 (Coronavirus)
2022-02-05	parkrun Sosnovka	Санкт-Петербург	Russia	COVID-19 (Coronavirus)
2022-02-12	parkrun Sosnovka	Санкт-Петербург	Russia	COVID-19 (Coronavirus)
2022-01-29	parkrun Wolbrom	Poland	Poland	Poszukujemy zespołu do prowadzenia spotkań parkrun
2022-01-29	parkrun Yakutsk Dokhsun	Дальневосточный ФО	Russia	Сильный рост заболеваемости ковидом
2022-02-05	parkrun Yakutsk Dokhsun	Дальневосточный ФО	Russia	рост заболеваемости ковидом
2022-02-05	parkrun Świdwin	Poland	Poland	z powodu powalonych drzew na trasie parkrun
2022-01-29	Örebro parkrun	Sweden	Sweden	Too much ice on the course,
2022-01-29	Ōtaki River parkrun	North Island	New Zealand	Due to current COVID-19 restrictions
2022-02-05	Ōtaki River parkrun	North Island	New Zealand	Due to current COVID-19 restrictions
