County	Country	parkrunning	junior parkrunning	5k Cancellations	junior Cancellations	Total	Events
Aberdeen City	Scotland			2	1	3	['Aberdeen parkrun', 'Duthie junior parkrun', 'Hazlehead parkrun, Aberdeen']
Aberdeenshire	Scotland			4		4	['Stonehaven parkrun', 'Ellon parkrun', 'Crathes Castle parkrun', 'Ury Riverside parkrun']
Angus	Scotland			1		1	['Montrose parkrun']
Antrim and Newtownabbey	Northern Ireland	3	1			4	['Jordanstown junior parkrun', 'Antrim parkrun', 'Valley parkrun, Newtownabbey', 'Sixmilewater parkrun']
Ards and North Down	Northern Ireland	3	2			5	['Comber junior parkrun', 'Bangor parkrun, Northern Ireland', 'Comber parkrun', 'Bangor junior parkrun', 'Crawfordsburn Country parkrun']
Argyll and Bute	Scotland			2		2	['Ganavan Sands parkrun', 'Mount Stuart parkrun']
Armagh City Banbridge and Craigavon	Northern Ireland	2	1			3	['Citypark parkrun, Craigavon', 'Armagh parkrun', 'Lurgan junior parkrun']
Bedfordshire	England	6	3		1	10	['Luton Wardown parkrun', 'Houghton Hall junior parkrun', 'Bedford junior parkrun', 'Bedford parkrun', 'Leighton Buzzard junior parkrun', 'Houghton Hall parkrun', 'Great Denham parkrun', 'Wardown junior parkrun', 'Dunstable Downs parkrun', 'Millennium Country parkrun, Forest of Marston Vale']
Belfast	Northern Ireland	8	3	1	1	13	"['Belfast Victoria junior parkrun', 'Waterworks parkrun, Belfast', 'Belfast Victoria parkrun', ""Queen's parkrun, Belfast"", 'Falls parkrun, Belfast', 'Ormeau parkrun', 'Stormont parkrun', 'Colin Glen parkrun', 'Waterworks junior parkrun', 'Ormeau junior parkrun', 'Orangefield parkrun', 'Musgrave junior parkrun', 'Stranmillis College parkrun']"
Berkshire	England	7	4	3		14	['Reading parkrun', 'Newbury parkrun', 'Bracknell parkrun', 'Woodley parkrun', 'Upton Court parkrun', 'Bracknell junior parkrun', 'Woodley junior parkrun', 'Maidenhead parkrun', 'Prospect parkrun', 'Ockwells junior parkrun', 'Dinton Pastures parkrun', 'California Country parkrun', 'Salt Hill junior parkrun', 'Sandhurst Memorial parkrun']
Bristol	England	1	3			4	['Eastville junior parkrun', 'Eastville parkrun', 'Kings Weston junior parkrun', 'Windmill Hill junior parkrun']
Buckinghamshire	England	8	4	1	1	14	['Black Park parkrun', 'Milton Keynes parkrun', 'Wycombe Rye junior parkrun', 'Wycombe Rye parkrun', 'Linford Wood parkrun', 'Aylesbury parkrun', 'Buckingham parkrun', 'Milton Keynes junior parkrun', 'Aylesbury junior parkrun', 'Buckingham junior parkrun', 'Rushmere parkrun', 'Higginson parkrun, Marlow', 'Wendover Woods parkrun', 'Lakes junior parkrun']
Cambridgeshire	England	9	7	2	2	20	"['Central Park junior parkrun', 'Cambridge parkrun', 'Jubilee junior parkrun', 'Ferry Meadows parkrun', 'Wimpole Estate parkrun', 'Huntingdon parkrun', 'Cambridge junior parkrun', 'Wimpole Estate junior parkrun', 'March parkrun', 'Wisbech junior parkrun', 'Pocket parkrun', 'Littleport parkrun', 'Manor Field parkrun, Whittlesey', ""Coldham's Common parkrun"", 'Riverside junior parkrun, St Neots', ""Coldham's Common junior parkrun"", 'Soham Village College parkrun', 'Fulbourn Hospital parkrun', 'West End junior parkrun', 'Cambourne junior parkrun']"
Causeway Coast and Glens	Northern Ireland	2	2			4	['Portrush parkrun', 'Limavady parkrun', 'Portrush junior parkrun', 'Riverside junior parkrun, Ballymoney']
Cheshire	England	11	8	1	2	22	['Phoenix parkrun', 'Widnes junior parkrun', 'Warrington parkrun', 'Congleton parkrun', 'Chester parkrun', 'Delamere parkrun', 'Lyme Park parkrun', 'Ellesmere Port parkrun', 'Widnes parkrun', 'Wilmslow parkrun', 'Wilmslow junior parkrun', 'Warrington junior parkrun', 'Northwich junior parkrun', 'Crewe parkrun', 'Macclesfield parkrun', 'Northwich parkrun', 'Victoria junior parkrun, Macclesfield', 'The Wirral Way junior parkrun, Parkgate', 'Phoenix junior parkrun', 'Gardenhurst Estate junior parkrun', 'Queens Park junior parkrun, Crewe', 'Castle Park junior parkrun']
Clwyd	Wales			5	3	8	['Conwy parkrun', 'Wepre parkrun', 'Erddig parkrun', 'Alyn Waters junior parkrun', 'Prestatyn Prom junior parkrun', 'Conwy Nature Reserve junior parkrun', 'Nova Prestatyn parkrun', 'Greenfield Valley parkrun']
Cornwall	England	7	2	1	1	11	"['Trelissick parkrun', 'Eden Project parkrun', 'Bodmin junior parkrun', 'Lanhydrock parkrun', 'Tamar Lakes parkrun', 'Penrose parkrun', 'Mount Edgcumbe parkrun', 'Heartlands parkrun', 'Par Track junior parkrun', ""Land's End parkrun"", 'Bude Marshes junior parkrun']"
Cumbria	England	11	2	1	1	15	['Keswick junior parkrun', 'Millom parkrun', 'Carlisle parkrun', 'Barrow parkrun', 'Workington parkrun', 'Penrith parkrun', 'Keswick parkrun', 'Whinlatter Forest parkrun', 'Fell Foot parkrun, Newby Bridge', 'Carlisle junior parkrun', 'Barrow junior parkrun', 'Whitehaven parkrun', 'Ford parkrun', 'Rothay Park parkrun', 'Bower Park parkrun']
Derbyshire	England	7	5	1	1	14	['Shipley Country parkrun', 'Rosliston parkrun', 'Markeaton parkrun', 'Long Eaton parkrun', 'Swadlincote junior parkrun', 'Markeaton junior parkrun', 'Glossop parkrun', 'Long Eaton junior parkrun', 'Whaley Bridge junior parkrun', 'Poolsbrook parkrun', 'Bakewell parkrun', 'Staveley junior parkrun', 'Alvaston parkrun', 'Shipley Country junior parkrun']
Derry City and Strabane	Northern Ireland	2			1	3	['Derry City parkrun', 'Derry City junior parkrun', 'Holy Cross College parkrun']
Devon	England	11	5	3	1	20	['Tamar Trails parkrun', 'Plymvalley parkrun', 'Torbay Velopark parkrun', 'Killerton parkrun', 'Barnstaple parkrun', 'Seaton parkrun', 'Parke parkrun', 'Exeter Riverside parkrun', 'Torridge junior parkrun', 'Heavitree junior parkrun', 'Bideford parkrun', 'Exmouth parkrun', 'Barnstaple junior parkrun', 'Devonport junior parkrun', 'Teignmouth Promenade parkrun', 'Torbay Velopark junior parkrun', 'Woolacombe Dunes parkrun', 'Haldon Forest parkrun', 'Cranbrook Country Park junior parkrun', 'Bolberry Down parkrun']
Dorset	England	6	4	1		11	"['Moors Valley junior parkrun', 'Moors Valley parkrun', 'Bournemouth parkrun', 'Weymouth junior parkrun', 'Poole parkrun', 'Upton House parkrun', 'Weymouth parkrun', 'Blandford parkrun', 'Upton House junior parkrun', ""St Mary's parkrun"", 'Slades junior parkrun']"
Dumfries and Galloway	Scotland			2	1	3	['Dumfries junior parkrun', 'Crichton parkrun', 'Agnew parkrun']
Dundee City	Scotland			1	1	2	['Camperdown parkrun, Dundee', 'Strathmartine junior parkrun']
Durham	England	9	3	1	3	16	['Durham parkrun', 'Rossmere junior parkrun', 'Billingham junior parkrun', 'Durham City junior parkrun', 'Sedgefield parkrun', 'Blackhill parkrun', 'Riverside parkrun', 'Tees Barrage parkrun', 'Darlington South Park parkrun', 'Hackworth parkrun', 'Hartlepool parkrun', 'Sedgefield junior parkrun', 'Cotsford Fields parkrun', 'South Park junior parkrun', 'Riverside junior parkrun', 'Jubilee parkrun']
Dyfed	Wales		1	7	2	10	['Llanelli Coast parkrun', 'Llanelli Coast junior parkrun', 'Aberystwyth parkrun', 'Llyn Llech Owain parkrun', 'Haverfordwest parkrun', 'Colby parkrun', 'Aberystwyth junior parkrun', 'Carmarthen junior parkrun', 'Llanerchaeron parkrun', 'Milford Waterfront parkrun']
East Ayrshire	Scotland			1		1	['Dean Castle Country Park parkrun']
East Lothian	Scotland			2		2	['Meadowmill parkrun', 'Lochend Woods parkrun']
East Renfrewshire	Scotland				1	1	['Rouken Glen junior parkrun']
East Riding of Yorkshire	England	6	2			8	['Hull parkrun', 'Sewerby parkrun', 'Peter Pan parkrun', 'Goole parkrun', 'Peter Pan junior parkrun', 'Humber Bridge parkrun', 'Alderman Kneeshaw junior parkrun', 'Beverley Westwood parkrun']
East Sussex	England	10	4			14	['Brighton & Hove parkrun', 'Eastbourne parkrun', 'Peacehaven parkrun', 'Peacehaven junior parkrun', 'Preston Park junior parkrun, Brighton', 'Preston Park parkrun, Brighton', 'Hastings parkrun', 'Hove Promenade parkrun', 'Bevendean Down parkrun', 'Eastbourne junior parkrun', 'Hove Park junior parkrun', 'East Brighton parkrun', 'Seaford Beach parkrun', 'Uckfield parkrun']
Edinburgh	Scotland			3	2	5	['Edinburgh parkrun', 'The Meadows junior parkrun', 'Inverleith junior parkrun', 'Portobello parkrun, Edinburgh', 'Oriam parkrun']
Essex	England	22	10	1	2	35	['Hadleigh parkrun, Essex', 'Brentwood junior parkrun', 'Basildon parkrun', 'Roding Valley parkrun', 'Harlow junior parkrun', 'Colchester Castle parkrun', 'Burnham-on-Crouch parkrun', 'Maldon Prom parkrun', 'Billericay parkrun', 'Gunpowder parkrun', 'Southend parkrun', 'Chelmsford Central parkrun', 'Hawkwell junior parkrun', 'Clacton Seafront parkrun', 'Brentwood parkrun', 'Chelmsford junior parkrun', 'Great Notley parkrun', 'Harlow parkrun', 'Hockley Woods parkrun', 'Great Notley junior parkrun', 'Harwich parkrun', 'Thurrock parkrun, Orsett Heath', 'Colchester junior parkrun', 'Maldon Prom junior parkrun', 'Mersea Island parkrun', 'South Woodham Ferrers parkrun', 'Great Dunmow parkrun', 'Cliff Park junior parkrun', 'Roding Valley junior parkrun', 'Highwoods parkrun', 'Lake Meadows junior parkrun', 'Northlands junior parkrun', 'Wickford Memorial parkrun', 'Chalkwell Beach parkrun', 'Clacton junior parkrun']
Falkirk	Scotland		1	1		2	['Falkirk parkrun', 'Helix junior parkrun']
Fermanagh and Omagh	Northern Ireland	2			1	3	['Enniskillen parkrun', 'Omagh parkrun', 'Broadmeadow junior parkrun']
Fife	Scotland		1	4		5	['St Andrews parkrun', 'Kirkcaldy parkrun', 'Dunfermline parkrun', 'Lochore Meadows parkrun', 'Duloch junior parkrun']
Glasgow City	Scotland		1	7	1	9	"['Pollok parkrun, Glasgow', 'Tollcross parkrun, Glasgow', 'Victoria parkrun, Glasgow', 'Ruchill parkrun', 'Springburn parkrun, Glasgow', 'Victoria junior parkrun, Glasgow', 'Drumchapel parkrun', ""Queen's parkrun, Glasgow"", 'Elder Park junior parkrun']"
Gloucestershire	England	15	5	4	1	25	['Kingsway parkrun, Gloucester', 'Forest of Dean parkrun', 'Gloucester North parkrun', 'Forest of Dean junior parkrun', 'Page Park junior parkrun', 'Thornbury parkrun', 'Stonehouse parkrun', 'Wotton parkrun', 'Cheltenham parkrun', 'Newent parkrun, Forest of Dean', 'Chipping Sodbury parkrun', 'Pomphrey Hill parkrun', 'Little Stoke junior parkrun', 'Tewkesbury parkrun', 'Cheltenham junior parkrun', 'Lydney parkrun', 'Cirencester parkrun', 'Gloucester City parkrun', 'Stonehouse junior parkrun', 'Tetbury Goods Shed parkrun', 'Stratford Park parkrun, Stroud', 'Mallards Pike parkrun', 'King George V Playing Field parkrun', 'Berkeley Green parkrun', 'Wotton Community PARC junior parkrun']
Greater London	England	50	24	6	9	89	"['Bushy parkrun', 'Wimbledon Common parkrun', 'Richmond parkrun', 'Bedfont Lakes parkrun', 'Roundshaw Downs parkrun', 'Finsbury parkrun', 'Bromley parkrun', 'Bexley parkrun', 'Harrow parkrun', 'Lloyd junior parkrun', 'Grovelands parkrun, Enfield', 'Hackney Marshes parkrun', 'Greenwich parkrun', 'Old Deer Park parkrun', 'Hampstead Heath parkrun', 'Kingston parkrun', 'Brockwell parkrun, Herne Hill', ""Queen's Park junior parkrun, London"", 'Beckenham Place parkrun', 'Highbury Fields parkrun', 'Osterley junior parkrun', 'Crystal Palace parkrun', 'London Fields junior parkrun', 'Valentines parkrun', 'Oak Hill parkrun', 'Lloyd parkrun, Croydon', 'Gunnersbury parkrun', 'Bushy junior parkrun', 'South Norwood parkrun', 'Wanstead Flats parkrun', 'Riddlesdown parkrun', 'Acton junior parkrun', 'Pymmes parkrun', 'Crystal Palace junior parkrun', 'Raphael parkrun', 'Ally Pally parkrun', 'Wormwood Scrubs parkrun', 'Hoblingwell parkrun', 'Mile End parkrun', 'Dulwich parkrun', 'Hilly Fields junior parkrun', 'Beckton parkrun', 'Gladstone parkrun', 'Crane Park parkrun', 'Hilly Fields parkrun', 'Burgess parkrun', 'Orpington parkrun', 'Barking parkrun', 'Harrow Lodge parkrun', 'Walthamstow parkrun', 'Southwark parkrun', 'Canons Park parkrun', 'Osterley parkrun', 'Fulham Palace parkrun', 'Northala Fields parkrun', 'Wimbledon Park junior parkrun', 'Harrow Lodge junior parkrun', 'Barking and Dagenham junior parkrun', 'Brockwell junior parkrun', 'Mile End junior parkrun', 'Peckham Rye parkrun', 'Burgess junior parkrun', 'Pitshanger junior parkrun', 'Highbury Fields junior parkrun', 'Lesnes Abbey Woods junior parkrun', 'Bromley junior parkrun', 'Moormead junior parkrun', 'Surbiton junior parkrun', 'Tooting Common parkrun', 'Eltham junior parkrun', 'Hanworth junior parkrun', 'Victoria Dock parkrun', 'Priory Park junior parkrun', 'Clapham Common parkrun', 'Catford parkrun', 'Friary Park junior parkrun', 'Foots Cray Meadows parkrun', 'Kenton Rec junior parkrun', 'Leyton Jubilee junior parkrun', 'Sunny Hill parkrun', 'Tooting Common junior parkrun', 'Hanworth parkrun', 'Bethlem Royal Hospital parkrun', 'Northala Fields junior parkrun', 'Hoblingwell junior parkrun', 'Caledonian junior parkrun', 'Enfield Town junior parkrun', 'Latchmere Rec junior parkrun', 'Paddington Rec junior parkrun']"
Greater Manchester	England	17	11	4	3	35	"['Bramhall parkrun', 'Heaton parkrun', 'Woodbank parkrun', 'South Manchester parkrun', 'Oldham parkrun', 'Hyde parkrun', ""Queen's Park junior parkrun, Rochdale"", ""Queen's Park junior parkrun, Bolton"", 'Salford junior parkrun', 'Pennington Flash parkrun', 'Bolton parkrun', 'Wythenshawe parkrun', 'Worsley Woods parkrun', 'Marple parkrun', 'Burnage parkrun', 'Hyde junior parkrun', 'Marple junior parkrun', 'Cheadle Hulme parkrun', 'Watergrove parkrun, Rochdale', 'South Manchester junior parkrun', 'Stamford Park parkrun', 'Haigh Woodland parkrun', 'Stretford parkrun', 'Chadderton Hall parkrun', 'Alexandra junior parkrun, Oldham', 'Sale Water parkrun', 'Ramsbottom junior parkrun', 'Uppermill junior parkrun', 'Seymour Park junior parkrun', 'Alexandra junior parkrun, Moss Side', 'Milnrow Memorial Park junior parkrun', 'Fletcher Moss parkrun', 'Leigh junior parkrun', 'Peel Park junior parkrun, Little Hulton', 'Alexandra parkrun, Moss Side']"
Gwent	Wales		2	10	5	17	['Penallta junior parkrun', 'Riverfront parkrun', 'Newport parkrun', 'Bryn Bach junior parkrun', 'Bryn Bach parkrun', 'Penallta parkrun', 'Pontypool parkrun', 'Newport junior parkrun', 'Pontypool junior parkrun', 'Cwmbran parkrun', 'Rogiet parkrun', 'Severn Bridge parkrun', 'Aberbeeg parkrun', 'Bailey junior parkrun', 'Dixton junior parkrun, Monmouth', 'Rogiet junior parkrun', 'Coed Cefn-pwll-du parkrun']
Gwynedd	Wales			6		6	['Penrhyn parkrun', 'Dolgellau parkrun', 'Newborough Forest parkrun', 'Nant y Pandy parkrun', 'Hafan Pwllheli parkrun', 'Pont y Bala parkrun']
Hampshire	England	16	12	3	1	32	"['Basingstoke parkrun', 'Southampton parkrun', 'Andover parkrun', 'Southsea parkrun', 'Havant parkrun', 'Whiteley parkrun', 'Andover junior parkrun', 'Eastleigh parkrun', 'Lymington Woodside parkrun', 'Netley Abbey junior parkrun', 'Stokes Bay junior parkrun', 'Winchester parkrun', 'Netley Abbey parkrun', 'Alice Holt parkrun', 'Brockenhurst parkrun', 'Queen Elizabeth parkrun', 'Southampton junior parkrun', 'Basingstoke junior parkrun', 'Rushmoor parkrun', 'Eastney junior parkrun', 'Lee-on-the-Solent parkrun', 'Waterlooville junior parkrun', 'Portsmouth Lakeside parkrun', 'Fareham parkrun', 'Winchester junior parkrun', 'Hogmoor Inclosure parkrun', 'New Milton junior parkrun', ""Queen's Parade junior parkrun, Aldershot"", 'Whiteley junior parkrun', 'Hogmoor Inclosure junior parkrun', 'Itchen Valley Country parkrun', 'Dowds Farm junior parkrun']"
Herefordshire	England	3				3	['Hereford parkrun', 'Ludlow parkrun', 'Ross-on-Wye parkrun']
Hertfordshire	England	13	8	1	3	25	['Beehive junior parkrun', 'St Albans parkrun', 'Rickmansworth parkrun', 'Westmill parkrun', 'Stevenage junior parkrun', 'Leavesden junior parkrun', 'Stevenage parkrun', 'Gadebridge parkrun', 'Pinehill junior parkrun', 'Panshanger parkrun', 'Tring parkrun', 'South Oxhey parkrun', 'Cassiobury parkrun', 'Barclay parkrun', 'Aldenham parkrun', 'Cheshunt junior parkrun', 'Castle Park parkrun', 'Hertford junior parkrun', 'Letchworth parkrun', 'King George junior parkrun', 'Jersey Farm parkrun', 'Grange Paddocks junior parkrun', 'Verulamium junior parkrun', 'Gadebridge Park junior parkrun', 'Ashlyns junior parkrun']
Highland	Scotland			5		5	['Aviemore parkrun', 'Inverness parkrun', 'Alness parkrun', 'Thurso parkrun', 'Fort William parkrun']
Inverclyde	Scotland			1	1	2	['Greenock parkrun', 'Battery Park junior parkrun']
Isle of Wight	England	1	1			2	['Medina I.O.W. parkrun', 'Medina I.O.W junior parkrun']
Kent	England	22	9		5	36	['Dover junior parkrun', 'Maidstone parkrun', 'Ashford parkrun', 'Canterbury parkrun', 'Royal Tunbridge Wells parkrun', 'Margate junior parkrun', 'Whitstable parkrun', 'Tonbridge junior parkrun', 'Margate parkrun', 'Pegwell Bay parkrun', 'Shorne Woods parkrun', 'Great Lines parkrun, Medway', 'Tonbridge parkrun', 'Dartford parkrun', 'Folkestone parkrun', 'Whitstable junior parkrun', 'Gravesend junior parkrun', 'Goudhurst junior parkrun', 'Lullingstone parkrun', 'Medway junior parkrun', 'Dartford Heath parkrun', 'Manor Park junior parkrun', 'Malling parkrun', 'Ashford junior parkrun', 'Sittingbourne parkrun', 'Dartford junior parkrun', 'Bedgebury Pinetum parkrun', 'Betteshanger junior parkrun', 'Park Wood junior parkrun', 'Reculver junior parkrun', 'Walmer and Deal Seafront parkrun', 'Kingdom parkrun', 'Cyclopark parkrun', 'Squerryes Winery parkrun', 'The Leas parkrun, Minster', 'Faversham Recreation Ground junior parkrun']
Lancashire	England	13	6	1	1	21	['Preston parkrun', 'Hyndburn parkrun', 'Skelmersdale junior parkrun', 'Burnley junior parkrun', 'Clitheroe Castle junior parkrun', 'Avenham Park junior parkrun', 'Burnley parkrun', 'Cuerden Valley parkrun', 'Ormskirk parkrun', 'Pendle parkrun', 'Witton parkrun', 'Lytham Hall parkrun', 'Lancaster parkrun', 'Blackpool parkrun', 'Park View junior parkrun', 'Clitheroe Castle parkrun', 'Fleetwood Promenade parkrun', 'Morecambe Prom parkrun', 'Tawd Valley parkrun', 'Padiham Greenway junior parkrun', 'Worden Park junior parkrun']
Leicestershire	England	6	3			9	['Braunstone parkrun', 'Market Harborough parkrun', 'Conkers parkrun', 'Market Harborough junior parkrun', 'Aylestone junior parkrun', 'Melton Mowbray parkrun', 'Leicester Victoria parkrun', 'Melton Mowbray junior parkrun', 'Dishley parkrun, Loughborough']
Lincolnshire	England	8	2	1	1	12	['Boston parkrun', 'Lincoln parkrun', 'Belton House parkrun', 'Market Rasen Racecourse parkrun', 'Snowden Field parkrun', 'Wyndham junior parkrun', 'Boston Road Rec junior parkrun', 'Doddington Hall parkrun', 'Normanby Hall parkrun', 'Scunthorpe parkrun', 'Cleethorpes parkrun', 'Brumby Wood Rec Ground junior parkrun']
Lisburn and Castlereagh	Northern Ireland	3	2			5	['Wallace parkrun, Lisburn', 'Moira junior parkrun', 'Lough Moss junior parkrun', 'Knockbracken Reservoir parkrun', 'Hillsborough Forest parkrun']
Merseyside	England	7	2	2	3	14	['Knowsley parkrun', 'St Helens parkrun', 'Southport parkrun', 'Princes parkrun, Liverpool', 'Stanley Park junior parkrun', 'Croxteth Hall parkrun', 'Birkenhead parkrun', 'Crosby parkrun', 'Wirral Country Park junior parkrun', 'Kew Woods parkrun', 'The Mystery junior parkrun, Wavertree', 'Sutton Manor parkrun', 'Derby Park junior parkrun', 'Victoria junior parkrun, St Helens']
Mid Glamorgan	Wales			5	2	7	['Merthyr parkrun', 'Maesteg parkrun', 'Pontypridd parkrun', 'Porthcawl parkrun', 'Bridgend junior parkrun', 'Pontypridd junior parkrun', 'Aberdare parkrun']
Mid Ulster	Northern Ireland	2	1			3	['MUSA Cookstown parkrun', 'Magherafelt junior parkrun', 'Dungannon Park parkrun']
Mid and East Antrim	Northern Ireland	3	1			4	['Ecos parkrun, Ballymena', 'Larne parkrun', 'Carrickfergus parkrun', 'Larne junior parkrun']
Midlothian	Scotland			1		1	['Vogrie parkrun']
Moray	Scotland			1		1	['Elgin parkrun']
Newry Mourne and Down	Northern Ireland	2				2	['Rostrevor parkrun', 'Castlewellan parkrun']
Norfolk	England	16	4		1	21	"['Gorleston Cliffs parkrun', 'Norwich parkrun', ""King's Lynn parkrun"", 'Colney Lane parkrun', 'Sheringham parkrun', 'Thetford parkrun', 'Catton parkrun', 'Blickling parkrun', 'Eaton junior parkrun', 'Brundall parkrun', 'Holkham parkrun', 'Gorleston junior parkrun', ""King's Lynn junior parkrun"", 'Swaffham parkrun', 'Loch Neaton parkrun, Watton', 'Lingwood parkrun', 'Sloughbottom parkrun', 'Lea Bridges junior parkrun', 'Hunstanton Promenade parkrun', 'Breckland Leisure Centre junior parkrun', 'Great Yarmouth North Beach parkrun']"
North Ayrshire	Scotland		1	1		2	['Eglinton parkrun', 'Jacks Road junior parkrun']
North Lanarkshire	Scotland		1	2		3	['Strathclyde parkrun', 'Drumpellier Country parkrun', 'Drumpellier junior parkrun']
North Yorkshire	England	14	6	4	1	25	['Albert parkrun, Middlesbrough', 'Hemlington Lake junior parkrun', 'Redcar parkrun', 'Stewart parkrun, Middlesbrough', 'Flatts Lane parkrun', 'Redcar junior parkrun', 'Marshall Drive parkrun, Brotton', 'York parkrun', 'Catterick parkrun', 'Harrogate parkrun', 'Skipton parkrun', 'Fountains Abbey parkrun', 'Northallerton parkrun', 'Heslington parkrun', 'Harrogate junior parkrun', 'Dalby Forest parkrun', 'Knavesmire junior parkrun', 'Selby parkrun', 'New Earswick parkrun', 'Northallerton junior parkrun', 'Conyngham Hall parkrun', 'Millfield parkrun', 'Castle Howard parkrun', 'Brayton Academy junior parkrun', 'The Station junior parkrun']
Northamptonshire	England	9	5			14	['Northampton parkrun', 'Kettering parkrun', 'Corby parkrun', 'Daventry parkrun', 'Daventry junior parkrun', 'Sixfields Upton parkrun', 'Watermeadows parkrun', 'Desborough Green Space junior parkrun', 'Salcey Forest parkrun', 'Irchester Country parkrun', 'Wicksteed junior parkrun', 'Brixworth Country parkrun', 'Northampton Racecourse junior parkrun', 'Spencer Park junior parkrun']
Northumberland	England	6			1	7	['Prudhoe Riverside parkrun', 'Prudhoe Riverside junior parkrun', 'Newbiggin-by-the-Sea parkrun', 'Druridge Bay parkrun', 'The Pastures parkrun', 'Tyne Green parkrun', 'Blyth Links parkrun']
Nottinghamshire	England	11	7	2	1	21	['Colwick parkrun', 'Bestwood Village parkrun', 'Mansfield parkrun', 'Brierley Forest parkrun', 'Forest Rec junior parkrun', 'Rushcliffe parkrun', 'Forest Rec parkrun', 'Newark parkrun', 'Clumber Park parkrun', 'Rushcliffe junior parkrun', 'Beeston parkrun', 'Gedling parkrun', 'Sherwood Pines parkrun', 'Hucknall junior parkrun', 'Gedling junior parkrun', 'Clifton parkrun', 'Newark junior parkrun', 'Worksop College junior parkrun', 'Dukeries junior parkrun', 'Wollaton Hall parkrun', 'Sutton Lawn junior parkrun']
Orkney Islands	Scotland	1				1	['Kirkwall parkrun']
Oxfordshire	England	8	4	1		13	['Banbury parkrun', 'Oxford parkrun', 'Harcourt Hill junior parkrun', 'Henley-on-Thames parkrun', 'Abingdon parkrun', 'Didcot parkrun', 'Harcourt Hill parkrun', 'Bicester parkrun', 'Witney parkrun', 'Chipping Norton School parkrun', 'Florence Park junior parkrun', 'Whitelands Farm junior parkrun', 'Millennium Green junior parkrun']
Perth and Kinross	Scotland		2	3	1	6	['Perth parkrun', 'Loch Leven junior parkrun', 'Perth junior parkrun', 'Loch Leven parkrun', 'MacRosty junior parkrun', 'Faskally Forest parkrun']
Powys	Wales			2		2	['Newtown parkrun', 'Groe parkrun']
Renfrewshire	Scotland			1	1	2	['Linwood parkrun', 'Barshaw junior parkrun']
Rutland	England	1	1			2	['Rutland Water parkrun', 'Rutland Water junior parkrun']
Scottish Borders	Scotland			2		2	['Hay Lodge parkrun', 'Wallaceneuk parkrun']
Shetland Islands	Scotland	1				1	['Bressay parkrun']
Shropshire	England	4	1	1	1	7	['Shrewsbury junior parkrun', 'Telford parkrun', 'Shrewsbury parkrun', 'Telford junior parkrun', 'Henley Wood parkrun, Oswestry', 'Severn Valley Country parkrun', 'Alderford Lake parkrun']
Somerset	England	11	7	1		19	['Ashton Court parkrun', 'Cheddar junior parkrun', 'Bath Skyline parkrun', 'Bath Odd Down junior parkrun', 'Shepton Mallet parkrun', 'Minehead parkrun', 'Yeovil Montacute parkrun', 'Longrun Meadow parkrun', 'Longrun Meadow junior parkrun', 'Burnham and Highbridge parkrun', 'Weston-super-Mare junior parkrun', 'Street parkrun', 'Henstridge Airfield parkrun', 'Somerdale Pavilion parkrun', 'Collett Park junior parkrun', 'Yeovil Rec junior parkrun', 'The Old Showfield parkrun', 'Clevedon Salthouse Fields parkrun', 'Yatton Recreation junior parkrun']
South Ayrshire	Scotland		1	3		4	['Troon parkrun', 'Ayr parkrun', 'Prestwick Oval junior parkrun', 'Girvan Prom parkrun']
South Glamorgan	Wales		1	6	1	8	['Cardiff parkrun', 'Barry junior parkrun', 'Cardiff junior parkrun', 'Barry Island parkrun', 'Grangemoor parkrun', 'Tremorfa parkrun', 'Cosmeston Lakes parkrun', 'Trelai Park parkrun']
South Lanarkshire	Scotland			1		1	['Lanark Moor parkrun']
South Yorkshire	England	10	4	2		16	['Graves junior parkrun', 'Endcliffe parkrun', 'Barnsley parkrun', 'Concord parkrun, Sheffield', 'Graves parkrun', 'Rotherham parkrun', 'Rother Valley parkrun', 'Hillsborough parkrun', 'Sheffield Castle parkrun', 'Sandall Park parkrun', 'Barnsley junior parkrun', 'Penistone parkrun', 'Millhouses parkrun', 'Cusworth Hall parkrun', 'Sheffield Olympic Legacy Park junior parkrun', 'Sandall Park junior parkrun']
Staffordshire	England	5	3	1	1	10	['Cannock Chase parkrun', 'Hanley parkrun', 'The Wammy parkrun', 'Longton junior parkrun', 'Burslem Park junior parkrun', 'Birches Valley junior parkrun', 'Isabel Trail parkrun', 'Chasewater parkrun', 'Clough Hall junior parkrun', 'Beacon parkrun']
Stirling	Scotland		1	2		3	['Plean parkrun', 'Stirling junior parkrun', 'University of Stirling parkrun']
Suffolk	England	10	4	1	1	16	['Ipswich parkrun', 'Bury St Edmunds parkrun', 'Kesgrave junior parkrun', 'Brandon Country Park parkrun', 'Clare Castle parkrun', 'Bury St Edmunds junior parkrun', 'Great Cornard parkrun', 'Ipswich junior parkrun', 'Kesgrave parkrun', 'Lowestoft parkrun', 'Great Cornard junior parkrun', 'Haverhill parkrun', 'Felixstowe parkrun', 'Sizewell parkrun', 'Thomas Mills parkrun', 'Felixstowe Prom junior parkrun']
Surrey	England	10	8	1		19	['Laleham junior parkrun', 'Banstead Woods parkrun', 'Frimley Lodge parkrun', 'Guildford parkrun', 'Nonsuch parkrun', 'Woking junior parkrun', 'Reigate Priory junior parkrun', 'Savill Garden junior parkrun', 'Homewood parkrun', 'Reigate Priory parkrun', 'Woking parkrun', 'Cranleigh parkrun', 'Guildford junior parkrun', 'Nonsuch junior parkrun', 'Mole Valley parkrun', 'Hazelwood parkrun', 'Cranleigh junior parkrun', 'Brooklands parkrun', 'Leatherhead junior parkrun']
Tyne and Wear	England	10	1		2	13	['Silksworth parkrun', 'Town Moor parkrun', 'Whitley Bay parkrun', 'Gateshead parkrun', 'Windy Nook parkrun', 'South Shields parkrun', 'Rising Sun parkrun', 'Whitley Bay junior parkrun', 'Town Moor junior parkrun', 'Herrington Country parkrun', 'Leazes parkrun', 'Saltwell junior parkrun', 'Jesmond Dene parkrun']
Warwickshire	England	5	2	1		8	['Leamington parkrun', 'Rugby parkrun', 'Kingsbury Water parkrun', 'Stratford-upon-Avon parkrun', 'Bedworth parkrun', 'GEC Rec junior parkrun', 'Stratford-upon-Avon Rec junior parkrun', 'Warwick Racecourse parkrun']
West Dunbartonshire	Scotland			1		1	['Levengrove parkrun']
West Glamorgan	Wales		1	3	1	5	['Gnoll junior parkrun', 'Swansea Bay parkrun', 'Gnoll parkrun', 'Brynaman parkrun', 'Swansea Prom junior parkrun']
West Lothian	Scotland		1	2		3	['Livingston parkrun', 'Polkemmet Country parkrun', 'Bankton Mains Park junior parkrun']
West Midlands	England	10	3	2	3	18	['Coventry parkrun', 'Dudley parkrun', 'Bloxwich junior parkrun', 'Brueton parkrun', 'Cannon Hill parkrun, Birmingham', 'Wolverhampton parkrun', 'Walsall Arboretum parkrun', 'Sandwell Valley parkrun', 'Perry Hall parkrun', 'Wednesfield junior parkrun', 'Cannon Hill junior parkrun, Birmingham', 'Sutton Park parkrun', 'Stevens Park junior parkrun, Wollescote', 'Babbs Mill parkrun', 'Oaklands parkrun', 'East Park parkrun', 'West Smethwick junior parkrun', 'War Memorial Park junior parkrun']
West Sussex	England	9	6	1		16	['Bognor Regis junior parkrun', 'Horsham parkrun', 'Tilgate parkrun', 'Clair parkrun', 'East Grinstead parkrun', 'Horsham junior parkrun', 'Bognor Regis parkrun', 'Chichester parkrun', 'Chichester junior parkrun', 'Haywards Heath junior parkrun', 'Worthing parkrun', 'Tilgate junior parkrun', 'Lancing Beach Green parkrun', 'Littlehampton Prom parkrun', 'Ifield Mill Pond parkrun', 'Worthing Leisure Centre junior parkrun']
West Yorkshire	England	22	13	4	2	41	['Woodhouse Moor parkrun', 'Wakefield Thornes parkrun', 'Cross Flatts junior parkrun', 'Halifax parkrun', 'Bradford parkrun', 'Bramley junior parkrun', 'Pontefract parkrun', 'Brighouse parkrun', 'Rothwell parkrun', 'Huddersfield parkrun', 'Roundhay parkrun', 'Dewsbury parkrun', 'Temple Newsam parkrun', 'Cross Flatts parkrun', 'Brighouse junior parkrun', 'Roundhay junior parkrun', 'Huddersfield junior parkrun', 'Wetherby parkrun', 'Oakwell Hall parkrun', 'Nostell parkrun', 'Temple Newsam junior parkrun', 'Horton Park parkrun', 'Bramley parkrun', 'Dewsbury junior parkrun', 'Saltaire junior parkrun', 'Tolson junior parkrun', 'Bodington junior parkrun', 'Middleton Woods parkrun', 'Wakefield Thornes junior parkrun', 'Pontefract junior parkrun', 'Shelley junior parkrun', 'Armley parkrun', 'Cliffe Castle parkrun', 'Beaumont Park junior parkrun', 'Myrtle parkrun', 'Potternewton parkrun', 'Frickley Country parkrun', 'Storthes Hall parkrun', 'Centre Vale parkrun', 'Bowling Park parkrun', 'Riverside Gardens junior parkrun']
Western Isles	Scotland			1		1	['Lews Castle parkrun']
Wiltshire	England	7	4			11	['Lydiard parkrun', 'Southwick Country parkrun', 'Chippenham parkrun', 'Lydiard junior parkrun', 'Salisbury parkrun', 'Chippenham junior parkrun', 'Melksham parkrun', 'Marlborough Common parkrun', 'Churchill Gardens junior parkrun, Salisbury', 'Seven Fields parkrun', 'King George V junior parkrun']
Worcestershire	England	5	2		1	8	['Arrow Valley parkrun', 'Worcester parkrun', 'Worcester Pitchcroft parkrun', 'Evesham junior parkrun', 'Bromsgrove junior parkrun', 'Evesham parkrun', 'Wyre Forest parkrun', 'Wyre Forest junior parkrun']
Total		519	262	162	84	1027	
